task_id,hostname,hash,native_id,process,tag,name,status,exit,module,container,cpus,time,disk,memory,attempt,submit,start,complete,duration,realtime,queue,%cpu,%mem,rss,vmem,peak_rss,peak_vmem,rchar,wchar,syscr,syscw,read_bytes,write_bytes,vol_ctxt,inv_ctxt,workdir,scratch,error_action
17,cpu03,b5/c4187d,nf-b5c4187dc28186777add9d4e194eb2eb,task_mProject,-,task_mProject (17),COMPLETED,0,-,anonymized/nf_wfbench:skip_mem_v11,1,-,-,23396834345,1,1704995921247,1704995927000,1704996092000,170753,37119,-,31.9,0.1,76193792,1446543360,76193792,1446543360,540052816,1207384560,1371,11818,0,1207386112,2962,510,/input/data/work/b5/c4187dc28186777add9d4e194eb2eb,true,-
16,cpu03,6f/7fb4ec,nf-6f7fb4ec91aecfe76577649b785f4dc8,task_mProject,-,task_mProject (16),COMPLETED,0,-,anonymized/nf_wfbench:skip_mem_v11,1,-,-,23396834345,1,1704995921453,1704995927000,1704996092000,170547,40373,-,32.1,0.1,74518528,1446543360,76480512,1446543360,540052816,1207384560,1371,11818,0,1207386112,1364,364,/input/data/work/6f/7fb4ec91aecfe76577649b785f4dc8,true,-
27,cpu03,b5/c4e0cd,nf-b5c4e0cd7dccca7bf4783597fb124097,task_mProject,-,task_mProject (27),COMPLETED,0,-,anonymized/nf_wfbench:skip_mem_v11,1,-,-,23396834345,1,1704995921660,1704995927000,1704996092000,170340,29242,-,38.9,0.1,74375168,1446674432,76333056,1446674432,540052815,1207384560,1371,11818,0,1207386112,838,718,/input/data/work/b5/c4e0cd7dccca7bf4783597fb124097,true,-
6,cpu03,e8/7f5bc2,nf-e87f5bc21b6ed9bb7b8d0a9e2cb6699d,task_mProject,-,task_mProject (6),COMPLETED,0,-,anonymized/nf_wfbench:skip_mem_v11,1,-,-,23396834345,1,1704995921877,1704995927000,1704996092000,170123,38186,-,33.5,0.1,74240000,1446543360,76201984,1446543360,540052815,1207384560,1371,11818,0,1207386112,2123,1135,/input/data/work/e8/7f5bc21b6ed9bb7b8d0a9e2cb6699d,true,-
39,cpu03,bc/2744b3,nf-bc2744b3d4d46a04306cceeccd153ab1,task_mProject,-,task_mProject (39),COMPLETED,0,-,anonymized/nf_wfbench:skip_mem_v11,1,-,-,23396834345,1,1704995922106,1704995927000,1704996092000,169894,39443,-,33.3,0.1,74350592,1446543360,76271616,1446543360,540052815,1207384560,1371,11818,0,1207386112,1862,462,/input/data/work/bc/2744b3d4d46a04306cceeccd153ab1,true,-
18,cpu08,7f/28ddae,nf-7f28ddaedcffd19c6659f3c22694a5c8,task_mProject,-,task_mProject (18),COMPLETED,0,-,anonymized/nf_wfbench:skip_mem_v11,1,-,-,23396834345,1,1704995921153,1704995926000,1704996113000,191847,42366,-,27.9,0.1,74096640,1446543360,76034048,1446543360,540052761,1207384558,1371,11818,0,1207386112,2387,523,/input/data/work/7f/28ddaedcffd19c6659f3c22694a5c8,true,-
20,cpu02,8a/71f132,nf-8a71f132c40e340cbaefca5dc3956b45,task_mProject,-,task_mProject (20),COMPLETED,0,-,anonymized/nf_wfbench:skip_mem_v11,1,-,-,23396834345,1,1704995921272,1704995929000,1704996109000,187728,40133,-,29.6,0.1,74149888,1446539264,76181504,1446539264,540052822,1207384560,1371,11818,0,1207386112,1142,499,/input/data/work/8a/71f132c40e340cbaefca5dc3956b45,true,-
19,cpu08,11/ed57cb,nf-11ed57cb537c81aacfd4585f8bd79a32,task_mProject,-,task_mProject (19),COMPLETED,0,-,anonymized/nf_wfbench:skip_mem_v11,1,-,-,23396834345,1,1704995921375,1704995926000,1704996113000,191625,40752,-,28.9,0.1,76046336,1446543360,76046336,1446543360,540052761,1207384558,1371,11818,0,1207386112,1733,542,/input/data/work/11/ed57cb537c81aacfd4585f8bd79a32,true,-
12,cpu02,89/1d5428,nf-891d5428ea508b657fff09bae33cdc74,task_mProject,-,task_mProject (12),COMPLETED,0,-,anonymized/nf_wfbench:skip_mem_v11,1,-,-,23396834345,1,1704995921479,1704995929000,1704996109000,187521,37270,-,31.9,0.1,75923456,1446543360,75923456,1446543360,540052820,1207384560,1371,11818,0,1207386112,2115,526,/input/data/work/89/1d5428ea508b657fff09bae33cdc74,true,-
24,cpu08,b9/5aebe3,nf-b95aebe3291bf5a3f6a9b4afcdf9e488,task_mProject,-,task_mProject (24),COMPLETED,0,-,anonymized/nf_wfbench:skip_mem_v11,1,-,-,23396834345,1,1704995921583,1704995926000,1704996113000,191417,43382,-,29.2,0.1,74113024,1446543360,76152832,1446543360,540052761,1207384558,1371,11818,0,1207386112,1784,473,/input/data/work/b9/5aebe3291bf5a3f6a9b4afcdf9e488,true,-
32,cpu02,bf/a22483,nf-bfa22483cb742e8753808c6fad0792aa,task_mProject,-,task_mProject (32),COMPLETED,0,-,anonymized/nf_wfbench:skip_mem_v11,1,-,-,23396834345,1,1704995921686,1704995929000,1704996109000,187314,38650,-,30.9,0.1,74489856,1440350208,74489856,1440350208,540052822,1207384560,1371,11818,0,1207386112,1942,451,/input/data/work/bf/a22483cb742e8753808c6fad0792aa,true,-
5,cpu08,45/14dd0f,nf-4514dd0fc2c3bb785edd9425a51f50d8,task_mProject,-,task_mProject (5),COMPLETED,0,-,anonymized/nf_wfbench:skip_mem_v11,1,-,-,23396834345,1,1704995921829,1704995926000,1704996113000,191171,44078,-,26.9,0.1,73981952,1446543360,75960320,1446543360,540052761,1207384558,1371,11818,0,1207386112,1167,560,/input/data/work/45/14dd0fc2c3bb785edd9425a51f50d8,true,-
13,cpu02,b0/f61af4,nf-b0f61af43401e18632646cfc076f5c21,task_mProject,-,task_mProject (13),COMPLETED,0,-,anonymized/nf_wfbench:skip_mem_v11,1,-,-,23396834345,1,1704995921849,1704995929000,1704996109000,187151,41397,-,30.6,0.1,74321920,1446674432,76288000,1446674432,540052822,1207384560,1371,11818,0,1207386112,1222,551,/input/data/work/b0/f61af43401e18632646cfc076f5c21,true,-
34,cpu08,fc/3dcf9a,nf-fc3dcf9ad03f22e55d58e06257f6edc7,task_mProject,-,task_mProject (34),COMPLETED,0,-,anonymized/nf_wfbench:skip_mem_v11,1,-,-,23396834345,1,1704995921980,1704995926000,1704996113000,191020,43575,-,27.0,0.1,76312576,1446674432,76312576,1446674432,540052760,1207384558,1371,11818,0,1207386112,1198,524,/input/data/work/fc/3dcf9ad03f22e55d58e06257f6edc7,true,-
36,cpu02,3d/4a2d8c,nf-3d4a2d8ccaefb9ff7e14e6f73811bd14,task_mProject,-,task_mProject (36),COMPLETED,0,-,anonymized/nf_wfbench:skip_mem_v11,1,-,-,23396834345,1,1704995922028,1704995929000,1704996109000,186972,41387,-,28.3,0.1,74264576,1446543360,76218368,1446543360,540052822,1207384560,1371,11818,0,1207386112,1718,582,/input/data/work/3d/4a2d8ccaefb9ff7e14e6f73811bd14,true,-
4,cpu06,de/ae1247,nf-deae1247537692539c5577da4df08e31,task_mProject,-,task_mProject (4),COMPLETED,0,-,anonymized/nf_wfbench:skip_mem_v11,1,-,-,23396834345,1,1704995921116,1704995928000,1704996117000,195884,38388,-,33.2,0.1,76251136,1446543360,76251136,1446543360,540052767,1207384558,1371,11818,0,1207386112,1561,508,/input/data/work/de/ae1247537692539c5577da4df08e31,true,-
29,cpu06,31/1f83c4,nf-311f83c4b29bbdfabc40669cacf903d8,task_mProject,-,task_mProject (29),COMPLETED,0,-,anonymized/nf_wfbench:skip_mem_v11,1,-,-,23396834345,1,1704995921350,1704995927000,1704996117000,195650,35896,-,35.0,0.1,74436608,1446543360,76402688,1446543360,540052766,1207384558,1371,11818,0,1207386112,2551,527,/input/data/work/31/1f83c4b29bbdfabc40669cacf903d8,true,-
10,cpu06,f6/0fe1a1,nf-f60fe1a1408446f3918574850725d60f,task_mProject,-,task_mProject (10),COMPLETED,0,-,anonymized/nf_wfbench:skip_mem_v11,1,-,-,23396834345,1,1704995921608,1704995928000,1704996117000,195392,39291,-,29.7,0.1,74235904,1446674432,76271616,1446674432,540052766,1207384558,1371,11818,0,1207386112,1354,520,/input/data/work/f6/0fe1a1408446f3918574850725d60f,true,-
14,cpu06,06/2220fb,nf-062220fb3dd08656c5a6749970be6c66,task_mProject,-,task_mProject (14),COMPLETED,0,-,anonymized/nf_wfbench:skip_mem_v11,1,-,-,23396834345,1,1704995921784,1704995928000,1704996117000,195216,39036,-,31.0,0.1,73736192,1446543360,75735040,1446543360,540052766,1207384558,1371,11818,0,1207386112,937,656,/input/data/work/06/2220fb3dd08656c5a6749970be6c66,true,-
33,cpu06,f3/3ca5f4,nf-f33ca5f4fd056abc3212aea2124035eb,task_mProject,-,task_mProject (33),COMPLETED,0,-,anonymized/nf_wfbench:skip_mem_v11,1,-,-,23396834345,1,1704995921950,1704995927000,1704996117000,195050,25830,-,48.5,0.1,74338304,1446543360,76271616,1446543360,540052766,1207384558,1371,11818,0,1207386112,1258,602,/input/data/work/f3/3ca5f4fd056abc3212aea2124035eb,true,-
40,cpu07,91/fb121b,nf-91fb121b58625405847047b25dd278e3,task_mProject,-,task_mProject (40),COMPLETED,0,-,anonymized/nf_wfbench:skip_mem_v11,1,-,-,23396834345,1,1704995922132,1704995929000,1704996120000,197868,42093,-,30.1,0.1,74113024,1446543360,76054528,1446543360,540052822,1207384560,1371,11818,0,1207386112,1719,501,/input/data/work/91/fb121b58625405847047b25dd278e3,true,-
7,cpu10,89/64951c,nf-8964951c45428c47f6154f2408288fc6,task_mProject,-,task_mProject (7),COMPLETED,0,-,anonymized/nf_wfbench:skip_mem_v11,1,-,-,23396834345,1,1704995921186,1704995932000,1704996121000,199814,44510,-,27.1,0.1,73953280,1446543360,75866112,1446543360,540052815,1207384559,1371,11818,0,1207386112,1825,578,/input/data/work/89/64951c45428c47f6154f2408288fc6,true,-
1,cpu09,24/e730d5,nf-24e730d5a5a8e7c7905f09603773d1fb,task_mProject,-,task_mProject (1),COMPLETED,0,-,anonymized/nf_wfbench:skip_mem_v11,1,-,-,23396834345,1,1704995921218,1704995928000,1704996123000,201782,43540,-,26.3,0.1,74403840,1446539264,76357632,1446539264,540052744,1207384558,1371,11818,0,1207386112,1534,460,/input/data/work/24/e730d5a5a8e7c7905f09603773d1fb,true,-
21,cpu07,ac/0e096e,nf-ac0e096e12fa3636399b8acd3d3873d9,task_mProject,-,task_mProject (21),COMPLETED,0,-,anonymized/nf_wfbench:skip_mem_v11,1,-,-,23396834345,1,1704995921298,1704995928000,1704996120000,198702,39598,-,31.0,0.1,75948032,1446543360,75948032,1446543360,540052822,1207384560,1371,11818,0,1207386112,1102,527,/input/data/work/ac/0e096e12fa3636399b8acd3d3873d9,true,-
25,cpu01,48/75044f,nf-4875044f81430b8c676460391d0d9556,task_mProject,-,task_mProject (25),COMPLETED,0,-,anonymized/nf_wfbench:skip_mem_v11,1,-,-,23396834345,1,1704995921325,1704995922000,1704996119000,197675,20454,-,61.1,0.0,72269824,1446543360,76267520,1446543360,540052325,1207384551,1371,11818,0,1207386112,10835,500,/input/data/work/48/75044f81430b8c676460391d0d9556,true,-
2,cpu10,7d/8f06a4,nf-7d8f06a4ddb85324b19aba76e28213ab,task_mProject,-,task_mProject (2),COMPLETED,0,-,anonymized/nf_wfbench:skip_mem_v11,1,-,-,23396834345,1,1704995921401,1704995932000,1704996121000,199599,42064,-,29.0,0.1,76374016,1446543360,76374016,1446543360,540052815,1207384559,1371,11818,0,1207386112,1556,502,/input/data/work/7d/8f06a4ddb85324b19aba76e28213ab,true,-
15,cpu09,71/039880,nf-710398803a46dbb834a2476887affe67,task_mProject,-,task_mProject (15),COMPLETED,0,-,anonymized/nf_wfbench:skip_mem_v11,1,-,-,23396834345,1,1704995921427,1704995928000,1704996123000,201573,40444,-,28.0,0.1,74289152,1446543360,76206080,1446543360,540052743,1207384558,1371,11818,0,1207386112,914,426,/input/data/work/71/0398803a46dbb834a2476887affe67,true,-
26,cpu07,a0/80598b,nf-a080598bf1cd3e933a58289b55dc1923,task_mProject,-,task_mProject (26),COMPLETED,0,-,anonymized/nf_wfbench:skip_mem_v11,1,-,-,23396834345,1,1704995921506,1704995929000,1704996120000,198494,42428,-,30.4,0.1,74113024,1446543360,76050432,1446543360,540052821,1207384560,1371,11818,0,1207386112,1423,499,/input/data/work/a0/80598bf1cd3e933a58289b55dc1923,true,-
23,cpu01,57/e048f7,nf-57e048f7027fc1dd6beb94c555f3c788,task_mProject,-,task_mProject (23),COMPLETED,0,-,anonymized/nf_wfbench:skip_mem_v11,1,-,-,23396834345,1,1704995921533,1704995922000,1704996123000,201467,20628,-,59.0,0.1,76500992,1446682624,76500992,1446682624,540052325,1207384551,1371,11818,0,1207386112,24957,476,/input/data/work/57/e048f7027fc1dd6beb94c555f3c788,true,-
9,cpu10,53/1cf245,nf-531cf2452baf07d31e14d6a2f9aa8ec9,task_mProject,-,task_mProject (9),COMPLETED,0,-,anonymized/nf_wfbench:skip_mem_v11,1,-,-,23396834345,1,1704995921558,1704995933000,1704996121000,199442,44288,-,28.0,0.1,74362880,1446539264,76378112,1446539264,540052815,1207384559,1371,11818,0,1207386112,1174,508,/input/data/work/53/1cf2452baf07d31e14d6a2f9aa8ec9,true,-
3,cpu09,aa/f16567,nf-aaf1656742cdc155fde810ee7110f76c,task_mProject,-,task_mProject (3),COMPLETED,0,-,anonymized/nf_wfbench:skip_mem_v11,1,-,-,23396834345,1,1704995921637,1704995928000,1704996123000,201363,44452,-,24.9,0.1,76189696,1446543360,76189696,1446543360,540052743,1207384558,1371,11818,0,1207386112,1994,434,/input/data/work/aa/f1656742cdc155fde810ee7110f76c,true,-
28,cpu01,dd/3a0822,nf-dd3a0822eddc051d586c3b76515cedeb,task_mProject,-,task_mProject (28),COMPLETED,0,-,anonymized/nf_wfbench:skip_mem_v11,1,-,-,23396834345,1,1704995921714,1704995922000,1704996123000,201286,20627,-,59.4,0.0,72413184,1446543360,76410880,1446543360,540052324,1207384551,1371,11818,0,1207386112,12672,468,/input/data/work/dd/3a0822eddc051d586c3b76515cedeb,true,-
11,cpu07,8b/d094b5,nf-8bd094b5105367c11d886f3f8cc964b6,task_mProject,-,task_mProject (11),COMPLETED,0,-,anonymized/nf_wfbench:skip_mem_v11,1,-,-,23396834345,1,1704995921737,1704995928000,1704996120000,198263,41825,-,28.1,0.1,76029952,1446543360,76029952,1446543360,540052821,1207384560,1371,11818,0,1207386112,2149,501,/input/data/work/8b/d094b5105367c11d886f3f8cc964b6,true,-
31,cpu10,75/28149d,nf-7528149df461c5060efdc295c6e0df2f,task_mProject,-,task_mProject (31),COMPLETED,0,-,anonymized/nf_wfbench:skip_mem_v11,1,-,-,23396834345,1,1704995921760,1704995932000,1704996121000,199240,42799,-,27.8,0.1,75837440,1446543360,75837440,1446543360,540052816,1207384559,1371,11818,0,1207386112,1637,517,/input/data/work/75/28149df461c5060efdc295c6e0df2f,true,-
30,cpu09,0a/a4f520,nf-0aa4f520868cb79947eb18052609434b,task_mProject,-,task_mProject (30),COMPLETED,0,-,anonymized/nf_wfbench:skip_mem_v11,1,-,-,23396834345,1,1704995921805,1704995928000,1704996123000,201195,43936,-,28.6,0.1,74461184,1446543360,76402688,1446543360,540052744,1207384558,1371,11818,0,1207386112,2178,481,/input/data/work/0a/a4f520868cb79947eb18052609434b,true,-
8,cpu01,18/a5b156,nf-18a5b1561f996694b8bdaeebbfeb19ec,task_mProject,-,task_mProject (8),COMPLETED,0,-,anonymized/nf_wfbench:skip_mem_v11,1,-,-,23396834345,1,1704995921899,1704995922000,1704996123000,201101,20607,-,57.8,0.1,76222464,1446543360,76222464,1446543360,540052323,1207384551,1371,11818,0,1207386112,19964,454,/input/data/work/18/a5b1561f996694b8bdaeebbfeb19ec,true,-
22,cpu07,e3/646198,nf-e3646198cb07578572fe623a0b71bf20,task_mProject,-,task_mProject (22),COMPLETED,0,-,anonymized/nf_wfbench:skip_mem_v11,1,-,-,23396834345,1,1704995921925,1704995929000,1704996120000,198075,42675,-,29.5,0.1,73940992,1446543360,75923456,1446543360,540052822,1207384560,1371,11818,0,1207386112,1968,510,/input/data/work/e3/646198cb07578572fe623a0b71bf20,true,-
35,cpu10,c5/c03947,nf-c5c039473ea2922e8698ba2fa8c38a2d,task_mProject,-,task_mProject (35),COMPLETED,0,-,anonymized/nf_wfbench:skip_mem_v11,1,-,-,23396834345,1,1704995922004,1704995932000,1704996121000,198996,43467,-,28.4,0.1,76181504,1446543360,76181504,1446543360,540052816,1207384559,1371,11818,0,1207386112,1518,502,/input/data/work/c5/c039473ea2922e8698ba2fa8c38a2d,true,-
37,cpu09,35/307e6c,nf-35307e6c829a6643ec240e73033f2548,task_mProject,-,task_mProject (37),COMPLETED,0,-,anonymized/nf_wfbench:skip_mem_v11,1,-,-,23396834345,1,1704995922052,1704995928000,1704996123000,200948,44252,-,27.2,0.1,74391552,1446539264,76349440,1446539264,540052743,1207384558,1371,11818,0,1207386112,1386,455,/input/data/work/35/307e6c829a6643ec240e73033f2548,true,-
38,cpu01,88/6b52c5,nf-886b52c510f5219cf672aa4af10a5435,task_mProject,-,task_mProject (38),COMPLETED,0,-,anonymized/nf_wfbench:skip_mem_v11,1,-,-,23396834345,1,1704995922077,1704995922000,1704996123000,200923,20503,-,57.9,0.0,72065024,1446543360,76062720,1446543360,540052324,1207384551,1371,11818,0,1207386112,13380,396,/input/data/work/88/6b52c510f5219cf672aa4af10a5435,true,-
107,cpu07,d4/1f63a4,nf-d41f63a4bde899eabfab0fcbeda963cb,task_mDiffFit,-,task_mDiffFit (67),COMPLETED,0,-,anonymized/nf_wfbench:skip_mem_v11,1,-,-,2201170739,1,1704996126250,1704996135000,1704996261000,134750,122371,-,2.3,0.1,74280960,1440346112,74280960,1440346112,2424942929,9556,1822,29,0,12288,150,285,/input/data/work/d4/1f63a4bde899eabfab0fcbeda963cb,true,-
78,cpu10,70/004e44,nf-70004e44e33e42ab4e94d7761ee0896d,task_mDiffFit,-,task_mDiffFit (38),COMPLETED,0,-,anonymized/nf_wfbench:skip_mem_v11,1,-,-,2201170739,1,1704996125487,1704996126000,1704996271000,145513,142461,-,1.8,0.1,73977856,1440346112,73977856,1440346112,2424942922,9555,1822,29,0,12288,148,314,/input/data/work/70/004e44e33e42ab4e94d7761ee0896d,true,-
77,cpu10,b7/c932ff,nf-b7c932ff243b5fb5cc60f426cd5cdc69,task_mDiffFit,-,task_mDiffFit (37),COMPLETED,0,-,anonymized/nf_wfbench:skip_mem_v11,1,-,-,2201170739,1,1704996125556,1704996126000,1704996269000,143444,141537,-,2.4,0.1,73867264,1440313344,73867264,1440313344,2424942923,9555,1822,29,0,12288,141,398,/input/data/work/b7/c932ff243b5fb5cc60f426cd5cdc69,true,-
103,cpu10,2f/435b37,nf-2f435b371cfc0074ea18ea0cb38d0d7d,task_mDiffFit,-,task_mDiffFit (63),COMPLETED,0,-,anonymized/nf_wfbench:skip_mem_v11,1,-,-,2201170739,1,1704996126182,1704996127000,1704996267000,140818,139201,-,2.6,0.1,74477568,1440477184,74477568,1440477184,2424942924,9555,1822,29,0,12288,149,278,/input/data/work/2f/435b371cfc0074ea18ea0cb38d0d7d,true,-
44,cpu03,4e/df2aa5,nf-4edf2aa561075051195b24f5938235d4,task_mDiffFit,-,task_mDiffFit (4),COMPLETED,0,-,anonymized/nf_wfbench:skip_mem_v11,1,-,-,2201170739,1,1704996114932,1704996115000,1704996296000,181068,175633,-,2.6,0.1,73904128,1440305152,73904128,1440305152,2424942924,9556,1822,29,0,12288,258,193,/input/data/work/4e/df2aa561075051195b24f5938235d4,true,-
87,cpu01,69/aae7d7,nf-69aae7d742a80ea4ac3a2c9de2af28d5,task_mDiffFit,-,task_mDiffFit (47),COMPLETED,0,-,anonymized/nf_wfbench:skip_mem_v11,1,-,-,2201170739,1,1704996125756,1704996126000,1704996301000,175244,169178,-,2.1,0.1,74366976,1440305152,74366976,1440305152,2424942431,9547,1822,29,0,12288,145,252,/input/data/work/69/aae7d742a80ea4ac3a2c9de2af28d5,true,-
86,cpu01,ba/f42a87,nf-baf42a8713822aed78493e20af5999a9,task_mDiffFit,-,task_mDiffFit (46),COMPLETED,0,-,anonymized/nf_wfbench:skip_mem_v11,1,-,-,2201170739,1,1704996125806,1704996127000,1704996303000,177194,173443,-,2.0,0.1,74321920,1440301056,74321920,1440301056,2424942432,9547,1822,29,0,12288,139,226,/input/data/work/ba/f42a8713822aed78493e20af5999a9,true,-
101,cpu01,69/9e88b7,nf-699e88b7161633c0428aaa1382da014b,task_mDiffFit,-,task_mDiffFit (61),COMPLETED,0,-,anonymized/nf_wfbench:skip_mem_v11,1,-,-,2201170739,1,1704996126070,1704996127000,1704996302000,175930,173284,-,2.0,0.1,74424320,1440305152,74424320,1440305152,2424942432,9547,1822,29,0,12288,140,286,/input/data/work/69/9e88b7161633c0428aaa1382da014b,true,-
100,cpu01,63/ecb456,nf-63ecb4560ddbe9de670ecbe9a2728b1e,task_mDiffFit,-,task_mDiffFit (60),COMPLETED,0,-,anonymized/nf_wfbench:skip_mem_v11,1,-,-,2201170739,1,1704996126095,1704996127000,1704996301000,174905,172183,-,2.0,0.1,74326016,1440346112,74326016,1440346112,2424942431,9547,1822,29,0,12288,146,202,/input/data/work/63/ecb4560ddbe9de670ecbe9a2728b1e,true,-
84,cpu08,51/63efa0,nf-5163efa0f95decaa729097fd5a0bc030,task_mDiffFit,-,task_mDiffFit (44),COMPLETED,0,-,anonymized/nf_wfbench:skip_mem_v11,1,-,-,2201170739,1,1704996125684,1704996126000,1704996306000,180316,176912,-,2.5,0.1,76181504,1446539264,76181504,1446539264,2424942871,9554,1822,29,0,12288,313,506,/input/data/work/51/63efa0f95decaa729097fd5a0bc030,true,-
94,cpu01,b4/3daffb,nf-b43daffbc313f6ac55cc2322383e6db4,task_mDiffFit,-,task_mDiffFit (54),COMPLETED,0,-,anonymized/nf_wfbench:skip_mem_v11,1,-,-,2201170739,1,1704996125951,1704996127000,1704996306000,180049,177963,-,1.4,0.1,74342400,1440346112,74342400,1440346112,2424942432,9547,1822,29,0,12288,144,247,/input/data/work/b4/3daffbc313f6ac55cc2322383e6db4,true,-
104,cpu08,01/fdbbe9,nf-01fdbbe9dd9afd189670a91c1bdbd935,task_mDiffFit,-,task_mDiffFit (64),COMPLETED,0,-,anonymized/nf_wfbench:skip_mem_v11,1,-,-,2201170739,1,1704996126204,1704996127000,1704996311000,184796,181972,-,2.7,0.1,74080256,1440346112,74080256,1440346112,2424942870,9554,1822,29,0,12288,317,530,/input/data/work/01/fdbbe9dd9afd189670a91c1bdbd935,true,-
122,cpu08,52/4054d2,nf-524054d2f1474cebfb9be4bfe0f106c3,task_mDiffFit,-,task_mDiffFit (82),COMPLETED,0,-,anonymized/nf_wfbench:skip_mem_v11,1,-,-,2201170739,1,1704996126642,1704996128000,1704996308000,181358,177162,-,2.8,0.1,74194944,1440346112,74194944,1440346112,2424942868,9554,1822,29,0,12288,292,781,/input/data/work/52/4054d2f1474cebfb9be4bfe0f106c3,true,-
128,cpu08,b4/0ea4da,nf-b40ea4da849f18dc135d37d4c393e01d,task_mDiffFit,-,task_mDiffFit (88),COMPLETED,0,-,anonymized/nf_wfbench:skip_mem_v11,1,-,-,2201170739,1,1704996126859,1704996129000,1704996310000,183141,178835,-,2.8,0.1,74285056,1440346112,74285056,1440346112,2424942869,9554,1822,29,0,12288,283,524,/input/data/work/b4/0ea4da849f18dc135d37d4c393e01d,true,-
51,cpu08,75/4b753a,nf-754b753a3c78fa2d715c82990c14ff97,task_mDiffFit,-,task_mDiffFit (11),COMPLETED,0,-,anonymized/nf_wfbench:skip_mem_v11,1,-,-,2201170739,1,1704996115502,1704996116000,1704996306000,190498,189594,-,2.7,0.1,74174464,1440346112,74174464,1440346112,2424942871,9554,1822,29,0,12288,399,417,/input/data/work/75/4b753a3c78fa2d715c82990c14ff97,true,-
52,cpu08,e2/7a6fb6,nf-e27a6fb6616527f892128056513831aa,task_mDiffFit,-,task_mDiffFit (12),COMPLETED,0,-,anonymized/nf_wfbench:skip_mem_v11,1,-,-,2201170739,1,1704996115522,1704996116000,1704996308000,192478,189907,-,2.7,0.1,74133504,1440346112,74133504,1440346112,2424942869,9554,1822,29,0,12288,421,457,/input/data/work/e2/7a6fb6616527f892128056513831aa,true,-
50,cpu08,e1/348919,nf-e1348919051400851bece3837076b6b0,task_mDiffFit,-,task_mDiffFit (10),COMPLETED,0,-,anonymized/nf_wfbench:skip_mem_v11,1,-,-,2201170739,1,1704996115540,1704996116000,1704996306000,190460,189574,-,2.7,0.1,74309632,1440350208,74309632,1440350208,2424942871,9554,1822,29,0,12288,349,381,/input/data/work/e1/348919051400851bece3837076b6b0,true,-
53,cpu08,91/70efbc,nf-9170efbcb0508315800d770015d15cba,task_mDiffFit,-,task_mDiffFit (13),COMPLETED,0,-,anonymized/nf_wfbench:skip_mem_v11,1,-,-,2201170739,1,1704996119873,1704996121000,1704996309000,189127,186888,-,2.8,0.1,73814016,1440346112,73814016,1440346112,2424942868,9554,1822,29,0,12288,393,440,/input/data/work/91/70efbcb0508315800d770015d15cba,true,-
54,cpu08,2b/66ca45,nf-2b66ca45434fcea6722682f04721e771,task_mDiffFit,-,task_mDiffFit (14),COMPLETED,0,-,anonymized/nf_wfbench:skip_mem_v11,1,-,-,2201170739,1,1704996119931,1704996121000,1704996309000,189069,184839,-,2.8,0.1,74100736,1440346112,74100736,1440346112,2424942870,9554,1822,29,0,12288,379,407,/input/data/work/2b/66ca45434fcea6722682f04721e771,true,-
65,cpu08,a6/3f546b,nf-a63f546b241e517c88ca45c5f77e74ea,task_mDiffFit,-,task_mDiffFit (25),COMPLETED,0,-,anonymized/nf_wfbench:skip_mem_v11,1,-,-,2201170739,1,1704996124915,1704996126000,1704996311000,186085,184796,-,2.4,0.1,74186752,1440346112,74186752,1440346112,2424942869,9554,1822,29,0,12288,285,494,/input/data/work/a6/3f546b241e517c88ca45c5f77e74ea,true,-
76,cpu08,f9/137602,nf-f913760262ed6c4f18b0a02faf14a31e,task_mDiffFit,-,task_mDiffFit (36),COMPLETED,0,-,anonymized/nf_wfbench:skip_mem_v11,1,-,-,2201170739,1,1704996125289,1704996126000,1704996308000,182711,180235,-,2.4,0.1,74153984,1440477184,74153984,1440477184,2424942870,9554,1822,29,0,12288,283,539,/input/data/work/f9/13760262ed6c4f18b0a02faf14a31e,true,-
89,cpu01,c2/bf64e7,nf-c2bf64e7a6189f808d14106b22941490,task_mDiffFit,-,task_mDiffFit (49),COMPLETED,0,-,anonymized/nf_wfbench:skip_mem_v11,1,-,-,2201170739,1,1704996125832,1704996127000,1704996331000,205168,200135,-,2.0,0.1,74584064,1440346112,74584064,1440346112,2424942432,9547,1822,29,0,12288,312,188,/input/data/work/c2/bf64e7a6189f808d14106b22941490,true,-
106,cpu01,0a/8b45cf,nf-0a8b45cf5933c150404c0a211734eafb,task_mDiffFit,-,task_mDiffFit (66),COMPLETED,0,-,anonymized/nf_wfbench:skip_mem_v11,1,-,-,2201170739,1,1704996126229,1704996127000,1704996331000,204771,200279,-,1.9,0.1,74010624,1440346112,74010624,1440346112,2424942432,9547,1822,29,0,12288,311,261,/input/data/work/0a/8b45cf5933c150404c0a211734eafb,true,-
112,cpu08,94/b9ceee,nf-94b9ceee2b8239550c0c88f0f4946a81,task_mDiffFit,-,task_mDiffFit (72),COMPLETED,0,-,anonymized/nf_wfbench:skip_mem_v11,1,-,-,2201170739,1,1704996126354,1704996127000,1704996331000,204646,198299,-,3.4,0.1,74182656,1440481280,74182656,1440481280,4839710090,9750,2402,31,4096,12288,641,1034,/input/data/work/94/b9ceee2b8239550c0c88f0f4946a81,true,-
132,cpu01,ae/84ad08,nf-ae84ad08f05a0050fef3eaf0d9a947a9,task_mDiffFit,-,task_mDiffFit (92),COMPLETED,0,-,anonymized/nf_wfbench:skip_mem_v11,1,-,-,2201170739,1,1704996126999,1704996128000,1704996331000,204001,198810,-,2.1,0.1,74440704,1440362496,74440704,1440362496,3632326042,9645,2112,30,0,12288,264,242,/input/data/work/ae/84ad08f05a0050fef3eaf0d9a947a9,true,-
115,cpu01,3e/875d8c,nf-3e875d8c55143f0141b87d34e027e87d,task_mDiffFit,-,task_mDiffFit (75),COMPLETED,0,-,anonymized/nf_wfbench:skip_mem_v11,1,-,-,2201170739,1,1704996126495,1704996128000,1704996356000,229505,222934,-,1.9,0.1,74547200,1440346112,74547200,1440346112,2424942432,9547,1822,29,0,12288,290,442,/input/data/work/3e/875d8c55143f0141b87d34e027e87d,true,-
125,cpu01,60/a3e85c,nf-60a3e85cdac93fcc3f02aee04d16e495,task_mDiffFit,-,task_mDiffFit (85),COMPLETED,0,-,anonymized/nf_wfbench:skip_mem_v11,1,-,-,2201170739,1,1704996126737,1704996129000,1704996356000,229263,226724,-,1.8,0.1,74346496,1440346112,74346496,1440346112,2424942433,9547,1822,29,0,12288,272,362,/input/data/work/60/a3e85cdac93fcc3f02aee04d16e495,true,-
83,cpu07,3c/eca3df,nf-3ceca3df8143bd93bb46a30e216900ce,task_mDiffFit,-,task_mDiffFit (43),COMPLETED,0,-,anonymized/nf_wfbench:skip_mem_v11,1,-,-,2201170739,1,1704996125733,1704996134000,1704996361000,235267,225178,-,2.0,0.1,74280960,1440346112,74280960,1440346112,2424942930,9556,1822,29,0,12288,301,513,/input/data/work/3c/eca3df8143bd93bb46a30e216900ce,true,-
90,cpu01,49/2b3910,nf-492b3910c13c661116f23834dee7069e,task_mDiffFit,-,task_mDiffFit (50),COMPLETED,0,-,anonymized/nf_wfbench:skip_mem_v11,1,-,-,2201170739,1,1704996125854,1704996128000,1704996359000,233146,228626,-,1.9,0.1,74526720,1440346112,74526720,1440346112,2424942432,9547,1822,29,0,12288,358,491,/input/data/work/49/2b3910c13c661116f23834dee7069e,true,-
97,cpu01,96/8ea2b9,nf-968ea2b9036746c149d93ba07dbf5e13,task_mDiffFit,-,task_mDiffFit (57),COMPLETED,0,-,anonymized/nf_wfbench:skip_mem_v11,1,-,-,2201170739,1,1704996126027,1704996126000,1704996359000,232973,230172,-,2.1,0.1,74297344,1440346112,74297344,1440346112,2424942433,9547,1822,29,0,12288,327,316,/input/data/work/96/8ea2b9036746c149d93ba07dbf5e13,true,-
70,cpu07,10/c507fe,nf-10c507fed191e592f3e1ab334cb545ed,task_mDiffFit,-,task_mDiffFit (30),COMPLETED,0,-,anonymized/nf_wfbench:skip_mem_v11,1,-,-,2201170739,1,1704996125076,1704996136000,1704996372000,246924,233842,-,1.8,0.1,73957376,1440346112,73957376,1440346112,2424942929,9556,1822,29,0,12288,347,463,/input/data/work/10/c507fed191e592f3e1ab334cb545ed,true,-
74,cpu03,76/0b365a,nf-760b365a56e0f56628088d21e7302e80,task_mDiffFit,-,task_mDiffFit (34),COMPLETED,0,-,anonymized/nf_wfbench:skip_mem_v11,1,-,-,2201170739,1,1704996125445,1704996126000,1704996372000,246555,243542,-,1.9,0.1,74321920,1440346112,74321920,1440346112,2424942923,9556,1822,29,0,12288,304,595,/input/data/work/76/0b365a56e0f56628088d21e7302e80,true,-
113,cpu10,0d/74e0d4,nf-0d74e0d4a5ba6f8e0383605ae6a35ecf,task_mDiffFit,-,task_mDiffFit (73),COMPLETED,0,-,anonymized/nf_wfbench:skip_mem_v11,1,-,-,2201170739,1,1704996126374,1704996127000,1704996370000,243626,239756,-,1.6,0.1,74055680,1440346112,74055680,1440346112,2424942922,9555,1822,29,0,12288,310,501,/input/data/work/0d/74e0d4a5ba6f8e0383605ae6a35ecf,true,-
114,cpu03,f3/89190d,nf-f389190dab69b7d6ed123d96c43d8b76,task_mDiffFit,-,task_mDiffFit (74),COMPLETED,0,-,anonymized/nf_wfbench:skip_mem_v11,1,-,-,2201170739,1,1704996126428,1704996127000,1704996374000,247572,244596,-,1.8,0.1,74309632,1440346112,74309632,1440346112,2424942923,9556,1822,29,0,12288,253,367,/input/data/work/f3/89190dab69b7d6ed123d96c43d8b76,true,-
41,cpu03,68/d6193f,nf-68d6193f6a9a9323b65b5d917cad7b3a,task_mDiffFit,-,task_mDiffFit (1),COMPLETED,0,-,anonymized/nf_wfbench:skip_mem_v11,1,-,-,2201170739,1,1704996095921,1704996101000,1704996374000,278079,266268,-,1.6,0.1,74424320,1440346112,74424320,1440346112,2424942923,9556,1822,29,0,12288,318,353,/input/data/work/68/d6193f6a9a9323b65b5d917cad7b3a,true,-
48,cpu03,81/c1f459,nf-81c1f45905c6d4ed9db8feb416d1d905,task_mDiffFit,-,task_mDiffFit (8),COMPLETED,0,-,anonymized/nf_wfbench:skip_mem_v11,1,-,-,2201170739,1,1704996115222,1704996116000,1704996377000,261778,259042,-,1.9,0.1,74784768,1440346112,74784768,1440346112,2424942924,9556,1822,29,0,12288,411,417,/input/data/work/81/c1f45905c6d4ed9db8feb416d1d905,true,-
55,cpu03,0e/7cfb49,nf-0e7cfb49f123e0312adf6f06d81937c1,task_mDiffFit,-,task_mDiffFit (15),COMPLETED,0,-,anonymized/nf_wfbench:skip_mem_v11,1,-,-,2201170739,1,1704996119951,1704996121000,1704996377000,257049,253929,-,1.9,0.1,74547200,1440346112,74547200,1440346112,2424942924,9556,1822,29,0,12288,336,437,/input/data/work/0e/7cfb49f123e0312adf6f06d81937c1,true,-
56,cpu03,5d/39c9d4,nf-5d39c9d430f34e50e94d707791574444,task_mDiffFit,-,task_mDiffFit (16),COMPLETED,0,-,anonymized/nf_wfbench:skip_mem_v11,1,-,-,2201170739,1,1704996120143,1704996121000,1704996375000,254857,252875,-,1.8,0.1,74539008,1440346112,74539008,1440346112,2424942924,9556,1822,29,0,12288,302,583,/input/data/work/5d/39c9d430f34e50e94d707791574444,true,-
63,cpu07,46/2a55ec,nf-462a55ec599cbf91ed92203de56caa6c,task_mDiffFit,-,task_mDiffFit (23),COMPLETED,0,-,anonymized/nf_wfbench:skip_mem_v11,1,-,-,2201170739,1,1704996124679,1704996135000,1704996382000,257321,246621,-,2.1,0.1,74166272,1440346112,74166272,1440346112,2424942930,9556,1822,29,0,12288,356,472,/input/data/work/46/2a55ec599cbf91ed92203de56caa6c,true,-
62,cpu07,02/1fa929,nf-021fa929e29cff4637565b69bd78a77d,task_mDiffFit,-,task_mDiffFit (22),COMPLETED,0,-,anonymized/nf_wfbench:skip_mem_v11,1,-,-,2201170739,1,1704996124706,1704996134000,1704996382000,257294,247314,-,1.9,0.1,74715136,1440477184,74715136,1440477184,3632326541,9654,2112,30,0,12288,373,498,/input/data/work/02/1fa929e29cff4637565b69bd78a77d,true,-
64,cpu07,38/08493f,nf-3808493f944475c5d7e939376f1afa63,task_mDiffFit,-,task_mDiffFit (24),COMPLETED,0,-,anonymized/nf_wfbench:skip_mem_v11,1,-,-,2201170739,1,1704996124767,1704996136000,1704996382000,257233,245542,-,2.0,0.1,74162176,1440346112,74162176,1440346112,2424942930,9556,1822,29,0,12288,372,577,/input/data/work/38/08493f944475c5d7e939376f1afa63,true,-
66,cpu07,b3/ca3a2f,nf-b3ca3a2f43101ebe977ea68a73ffaa2e,task_mDiffFit,-,task_mDiffFit (26),COMPLETED,0,-,anonymized/nf_wfbench:skip_mem_v11,1,-,-,2201170739,1,1704996124833,1704996136000,1704996375000,250167,236312,-,2.0,0.1,74379264,1440477184,74379264,1440477184,2424942929,9556,1822,29,0,12288,287,618,/input/data/work/b3/ca3a2f43101ebe977ea68a73ffaa2e,true,-
73,cpu10,5a/0ce5a8,nf-5a0ce5a84daae8a4b71d112affffbed9,task_mDiffFit,-,task_mDiffFit (33),COMPLETED,0,-,anonymized/nf_wfbench:skip_mem_v11,1,-,-,2201170739,1,1704996125201,1704996126000,1704996382000,256799,255523,-,1.6,0.1,74440704,1440346112,74440704,1440346112,2424942922,9555,1822,29,0,12288,322,364,/input/data/work/5a/0ce5a84daae8a4b71d112affffbed9,true,-
75,cpu10,e6/49c7b1,nf-e649c7b108db719d2162897c408f1f72,task_mDiffFit,-,task_mDiffFit (35),COMPLETED,0,-,anonymized/nf_wfbench:skip_mem_v11,1,-,-,2201170739,1,1704996125383,1704996126000,1704996382000,256617,255505,-,1.5,0.1,74350592,1440346112,74350592,1440346112,2424942921,9555,1822,29,0,12288,307,464,/input/data/work/e6/49c7b108db719d2162897c408f1f72,true,-
88,cpu09,7a/aad334,nf-7aaad3343000c4777d8c6bf482935ee4,task_mDiffFit,-,task_mDiffFit (48),COMPLETED,0,-,anonymized/nf_wfbench:skip_mem_v11,1,-,-,2201170739,1,1704996125783,1704996127000,1704996382000,256217,254422,-,1.3,0.1,74330112,1440346112,74330112,1440346112,2424942848,9554,1822,29,0,12288,291,520,/input/data/work/7a/aad3343000c4777d8c6bf482935ee4,true,-
108,cpu03,ce/77db3c,nf-ce77db3c91578f1040e43bf7d2e9c44e,task_mDiffFit,-,task_mDiffFit (68),COMPLETED,0,-,anonymized/nf_wfbench:skip_mem_v11,1,-,-,2201170739,1,1704996126332,1704996127000,1704996382000,255668,249997,-,1.8,0.1,74153984,1440346112,74153984,1440346112,2424942923,9556,1822,29,0,12288,277,479,/input/data/work/ce/77db3c91578f1040e43bf7d2e9c44e,true,-
116,cpu06,fd/ca29d3,nf-fdca29d3a77e463a191ff2c8113debb3,task_mDiffFit,-,task_mDiffFit (76),COMPLETED,0,-,anonymized/nf_wfbench:skip_mem_v11,1,-,-,2201170739,1,1704996126472,1704996127000,1704996381000,254528,246523,-,1.9,0.1,74448896,1440346112,74448896,1440346112,2424942876,9554,1822,29,0,12288,295,385,/input/data/work/fd/ca29d3a77e463a191ff2c8113debb3,true,-
119,cpu07,de/9afcf3,nf-de9afcf38058b0f846153affc96cdc07,task_mDiffFit,-,task_mDiffFit (79),COMPLETED,0,-,anonymized/nf_wfbench:skip_mem_v11,1,-,-,2201170739,1,1704996126516,1704996135000,1704996381000,254484,227705,-,1.9,0.1,74280960,1440346112,74280960,1440346112,2424942930,9556,1822,29,0,12288,320,471,/input/data/work/de/9afcf38058b0f846153affc96cdc07,true,-
127,cpu07,40/d3cb3d,nf-40d3cb3d23a3363e99b93c53799d8fd0,task_mDiffFit,-,task_mDiffFit (87),COMPLETED,0,-,anonymized/nf_wfbench:skip_mem_v11,1,-,-,2201170739,1,1704996126558,1704996134000,1704996382000,255442,247345,-,1.7,0.1,74547200,1440346112,74547200,1440346112,2424942929,9556,1822,29,0,12288,339,553,/input/data/work/40/d3cb3d23a3363e99b93c53799d8fd0,true,-
131,cpu10,bd/f0f3da,nf-bdf0f3dac340fcd2c22ca349a2be9699,task_mDiffFit,-,task_mDiffFit (91),COMPLETED,0,-,anonymized/nf_wfbench:skip_mem_v11,1,-,-,2201170739,1,1704996126888,1704996128000,1704996386000,259112,256026,-,1.8,0.1,73965568,1440346112,73965568,1440346112,2424942923,9555,1822,29,0,12288,266,665,/input/data/work/bd/f0f3dac340fcd2c22ca349a2be9699,true,-
45,cpu03,26/e6a86a,nf-26e6a86a1802e22b17c3a1c5302073d7,task_mDiffFit,-,task_mDiffFit (5),COMPLETED,0,-,anonymized/nf_wfbench:skip_mem_v11,1,-,-,2201170739,1,1704996114953,1704996115000,1704996385000,270047,262077,-,2.1,0.1,73998336,1440346112,73998336,1440346112,2424942924,9556,1822,29,0,12288,396,431,/input/data/work/26/e6a86a1802e22b17c3a1c5302073d7,true,-
79,cpu10,92/074298,nf-92074298ae700a3725f87dbc67f42b0e,task_mDiffFit,-,task_mDiffFit (39),COMPLETED,0,-,anonymized/nf_wfbench:skip_mem_v11,1,-,-,2201170739,1,1704996125467,1704996126000,1704996385000,259533,256236,-,1.4,0.1,74244096,1440346112,74244096,1440346112,2424942922,9555,1822,29,0,12288,308,769,/input/data/work/92/074298ae700a3725f87dbc67f42b0e,true,-
71,cpu10,f0/92c23d,nf-f092c23d52a2fb64397f6aef54cb0575,task_mDiffFit,-,task_mDiffFit (31),COMPLETED,0,-,anonymized/nf_wfbench:skip_mem_v11,1,-,-,2201170739,1,1704996125097,1704996125000,1704996388000,262903,260672,-,1.7,0.1,74129408,1440362496,74129408,1440362496,3632326534,9653,2112,30,0,12288,324,443,/input/data/work/f0/92c23d52a2fb64397f6aef54cb0575,true,-
69,cpu10,72/41e2a7,nf-7241e2a7715d8a7e13196f031f6daca9,task_mDiffFit,-,task_mDiffFit (29),COMPLETED,0,-,anonymized/nf_wfbench:skip_mem_v11,1,-,-,2201170739,1,1704996125117,1704996126000,1704996391000,265883,264749,-,1.4,0.1,74145792,1440346112,74145792,1440346112,2424942923,9555,1822,29,0,12288,333,378,/input/data/work/72/41e2a7715d8a7e13196f031f6daca9,true,-
72,cpu07,bd/e4e3b4,nf-bde4e3b4fe5ac5b40245c9f46b9e9fd1,task_mDiffFit,-,task_mDiffFit (32),COMPLETED,0,-,anonymized/nf_wfbench:skip_mem_v11,1,-,-,2201170739,1,1704996125312,1704996134000,1704996388000,262688,254091,-,2.2,0.1,74153984,1440362496,74153984,1440362496,3632326540,9654,2112,30,0,12288,418,722,/input/data/work/bd/e4e3b4fe5ac5b40245c9f46b9e9fd1,true,-
111,cpu09,cb/4be900,nf-cb4be90092a4f83e4f5f865013f26dad,task_mDiffFit,-,task_mDiffFit (71),COMPLETED,0,-,anonymized/nf_wfbench:skip_mem_v11,1,-,-,2201170739,1,1704996126313,1704996128000,1704996389000,262687,258260,-,1.7,0.1,74571776,1440346112,74571776,1440346112,2424942849,9554,1822,29,0,12288,291,594,/input/data/work/cb/4be90092a4f83e4f5f865013f26dad,true,-
118,cpu09,de/84d9b2,nf-de84d9b264a14c230952cefaea605aff,task_mDiffFit,-,task_mDiffFit (78),COMPLETED,0,-,anonymized/nf_wfbench:skip_mem_v11,1,-,-,2201170739,1,1704996126403,1704996127000,1704996396000,269597,266243,-,1.3,0.1,74194944,1440346112,74194944,1440346112,2424942845,9554,1822,29,0,12288,271,522,/input/data/work/de/84d9b264a14c230952cefaea605aff,true,-
120,cpu09,aa/d4d12a,nf-aad4d12abf0371ad5c47e15121f5f6ac,task_mDiffFit,-,task_mDiffFit (80),COMPLETED,0,-,anonymized/nf_wfbench:skip_mem_v11,1,-,-,2201170739,1,1704996126538,1704996127000,1704996389000,262462,259449,-,1.7,0.1,74317824,1440346112,74317824,1440346112,2424942847,9554,1822,29,0,12288,288,499,/input/data/work/aa/d4d12abf0371ad5c47e15121f5f6ac,true,-
123,cpu10,d9/104039,nf-d910403909223f0ed4d2d36343b9a6de,task_mDiffFit,-,task_mDiffFit (83),COMPLETED,0,-,anonymized/nf_wfbench:skip_mem_v11,1,-,-,2201170739,1,1704996126578,1704996127000,1704996391000,264422,254638,-,1.9,0.1,74317824,1440346112,74317824,1440346112,2424942923,9555,1822,29,0,12288,295,623,/input/data/work/d9/10403909223f0ed4d2d36343b9a6de,true,-
124,cpu03,58/cc1cd7,nf-58cc1cd7d5ef1afb153906833aaa39d2,task_mDiffFit,-,task_mDiffFit (84),COMPLETED,0,-,anonymized/nf_wfbench:skip_mem_v11,1,-,-,2201170739,1,1704996126665,1704996128000,1704996391000,264335,255092,-,1.8,0.1,74412032,1440346112,74412032,1440346112,2424942923,9556,1822,29,0,12288,282,455,/input/data/work/58/cc1cd7d5ef1afb153906833aaa39d2,true,-
121,cpu06,b6/4ca4a8,nf-b64ca4a80bd626e88ff63acf46899fe7,task_mDiffFit,-,task_mDiffFit (81),COMPLETED,0,-,anonymized/nf_wfbench:skip_mem_v11,1,-,-,2201170739,1,1704996126800,1704996127000,1704996399000,272200,270234,-,1.7,0.1,74256384,1440346112,74256384,1440346112,2424942875,9554,1822,29,0,12288,291,473,/input/data/work/b6/4ca4a80bd626e88ff63acf46899fe7,true,-
59,cpu06,fd/020e0b,nf-fd020e0b4c7b35934a742914f9fdde98,task_mDiffFit,-,task_mDiffFit (19),COMPLETED,0,-,anonymized/nf_wfbench:skip_mem_v11,1,-,-,2201170739,1,1704996120653,1704996121000,1704996399000,278347,275272,-,1.7,0.1,74194944,1440346112,74194944,1440346112,2424942874,9554,1822,29,0,12288,372,457,/input/data/work/fd/020e0b4c7b35934a742914f9fdde98,true,-
61,cpu06,0c/09af9d,nf-0c09af9d847db8617bc1410c541cbb58,task_mDiffFit,-,task_mDiffFit (21),COMPLETED,0,-,anonymized/nf_wfbench:skip_mem_v11,1,-,-,2201170739,1,1704996120672,1704996121000,1704996399000,278328,275270,-,1.7,0.1,74350592,1440346112,74350592,1440346112,2424942874,9554,1822,29,0,12288,370,399,/input/data/work/0c/09af9d847db8617bc1410c541cbb58,true,-
60,cpu06,5a/59672c,nf-5a59672cbddab7061e23226fc3959670,task_mDiffFit,-,task_mDiffFit (20),COMPLETED,0,-,anonymized/nf_wfbench:skip_mem_v11,1,-,-,2201170739,1,1704996120691,1704996121000,1704996399000,278309,275206,-,1.5,0.1,74145792,1440346112,74145792,1440346112,2424942874,9554,1822,29,0,12288,419,444,/input/data/work/5a/59672cbddab7061e23226fc3959670,true,-
67,cpu06,ee/c38340,nf-eec38340a40275271e2789842e83ec08,task_mDiffFit,-,task_mDiffFit (27),COMPLETED,0,-,anonymized/nf_wfbench:skip_mem_v11,1,-,-,2201170739,1,1704996124854,1704996125000,1704996398000,273146,270328,-,1.5,0.1,74194944,1440346112,74194944,1440346112,2424942876,9554,1822,29,0,12288,285,603,/input/data/work/ee/c38340a40275271e2789842e83ec08,true,-
68,cpu06,1e/9c5b63,nf-1e9c5b631c5563e9e644f3fe5b9825aa,task_mDiffFit,-,task_mDiffFit (28),COMPLETED,0,-,anonymized/nf_wfbench:skip_mem_v11,1,-,-,2201170739,1,1704996124936,1704996126000,1704996399000,274064,271950,-,1.5,0.1,74854400,1440346112,74854400,1440346112,2424942875,9554,1822,29,0,12288,270,440,/input/data/work/1e/9c5b631c5563e9e644f3fe5b9825aa,true,-
81,cpu06,62/c723af,nf-62c723afc98de09344083ccc97ca00d6,task_mDiffFit,-,task_mDiffFit (41),COMPLETED,0,-,anonymized/nf_wfbench:skip_mem_v11,1,-,-,2201170739,1,1704996125642,1704996126000,1704996402000,276358,274761,-,1.7,0.1,74280960,1440346112,74280960,1440346112,2424942874,9554,1822,29,0,12288,345,509,/input/data/work/62/c723afc98de09344083ccc97ca00d6,true,-
82,cpu10,9f/394e49,nf-9f394e495d7c8a621e35f295c735a127,task_mDiffFit,-,task_mDiffFit (42),COMPLETED,0,-,anonymized/nf_wfbench:skip_mem_v11,1,-,-,2201170739,1,1704996125664,1704996127000,1704996402000,276336,274117,-,2.1,0.1,74051584,1440354304,74051584,1440354304,3632326532,9653,2112,30,0,12288,444,767,/input/data/work/9f/394e495d7c8a621e35f295c735a127,true,-
91,cpu09,de/c5e58f,nf-dec5e58f29e98601dc1fa6678a6e95fb,task_mDiffFit,-,task_mDiffFit (51),COMPLETED,0,-,anonymized/nf_wfbench:skip_mem_v11,1,-,-,2201170739,1,1704996125875,1704996127000,1704996400000,274125,271985,-,1.6,0.1,74428416,1440346112,74428416,1440346112,2424942848,9554,1822,29,0,12288,446,364,/input/data/work/de/c5e58f29e98601dc1fa6678a6e95fb,true,-
92,cpu09,8e/46a2ce,nf-8e46a2cea43d7548a7bc449b41e2b5df,task_mDiffFit,-,task_mDiffFit (52),COMPLETED,0,-,anonymized/nf_wfbench:skip_mem_v11,1,-,-,2201170739,1,1704996125901,1704996126000,1704996399000,273099,272367,-,1.4,0.1,74493952,1440346112,74493952,1440346112,2424942846,9554,1822,29,0,12288,494,502,/input/data/work/8e/46a2cea43d7548a7bc449b41e2b5df,true,-
93,cpu09,39/373de2,nf-39373de2cd1b792f920b31aa145e60e5,task_mDiffFit,-,task_mDiffFit (53),COMPLETED,0,-,anonymized/nf_wfbench:skip_mem_v11,1,-,-,2201170739,1,1704996125923,1704996126000,1704996401000,275077,273588,-,1.4,0.1,74371072,1440346112,74371072,1440346112,2424942847,9554,1822,29,0,12288,487,488,/input/data/work/39/373de2cd1b792f920b31aa145e60e5,true,-
95,cpu09,9d/a745e8,nf-9da745e87c1bcbda36ad65dfe7b61ba9,task_mDiffFit,-,task_mDiffFit (55),COMPLETED,0,-,anonymized/nf_wfbench:skip_mem_v11,1,-,-,2201170739,1,1704996125977,1704996126000,1704996399000,273023,271782,-,1.2,0.1,74510336,1440346112,74510336,1440346112,2424942845,9554,1822,29,0,12288,325,437,/input/data/work/9d/a745e87c1bcbda36ad65dfe7b61ba9,true,-
98,cpu09,ca/045980,nf-ca0459801ebad474426831f0c67a48d4,task_mDiffFit,-,task_mDiffFit (58),COMPLETED,0,-,anonymized/nf_wfbench:skip_mem_v11,1,-,-,2201170739,1,1704996126050,1704996128000,1704996402000,275950,274141,-,1.8,0.1,74653696,1440346112,74653696,1440346112,2424942848,9554,1822,29,0,12288,316,454,/input/data/work/ca/0459801ebad474426831f0c67a48d4,true,-
99,cpu03,ef/489c69,nf-ef489c697699f7b299cb212d6cadd31f,task_mDiffFit,-,task_mDiffFit (59),COMPLETED,0,-,anonymized/nf_wfbench:skip_mem_v11,1,-,-,2201170739,1,1704996126116,1704996127000,1704996398000,271884,270988,-,1.9,0.1,74276864,1440342016,74276864,1440342016,3632326533,9654,2112,30,0,12288,521,554,/input/data/work/ef/489c697699f7b299cb212d6cadd31f,true,-
105,cpu09,3b/eb0977,nf-3beb09777a5e5193687e80a37ada5181,task_mDiffFit,-,task_mDiffFit (65),COMPLETED,0,-,anonymized/nf_wfbench:skip_mem_v11,1,-,-,2201170739,1,1704996126139,1704996127000,1704996401000,274861,272475,-,1.7,0.1,74510336,1440346112,74510336,1440346112,2424942848,9554,1822,29,0,12288,313,471,/input/data/work/3b/eb09777a5e5193687e80a37ada5181,true,-
102,cpu06,37/4dc9fb,nf-374dc9fbf60d01d683d57e92a0c006d3,task_mDiffFit,-,task_mDiffFit (62),COMPLETED,0,-,anonymized/nf_wfbench:skip_mem_v11,1,-,-,2201170739,1,1704996126159,1704996127000,1704996400000,273841,272231,-,1.9,0.1,74530816,1440346112,74530816,1440346112,2424942874,9554,1822,29,0,12288,379,521,/input/data/work/37/4dc9fbf60d01d683d57e92a0c006d3,true,-
109,cpu06,a3/147947,nf-a3147947474f892aa8e6c947124c4129,task_mDiffFit,-,task_mDiffFit (69),COMPLETED,0,-,anonymized/nf_wfbench:skip_mem_v11,1,-,-,2201170739,1,1704996126293,1704996127000,1704996410000,283707,282544,-,2.0,0.1,74264576,1440346112,74264576,1440346112,3632326485,9652,2112,30,0,12288,421,573,/input/data/work/a3/147947474f892aa8e6c947124c4129,true,-
130,cpu06,81/9446ae,nf-819446aee5112149f676b9d1e7182775,task_mDiffFit,-,task_mDiffFit (90),COMPLETED,0,-,anonymized/nf_wfbench:skip_mem_v11,1,-,-,2201170739,1,1704996126933,1704996128000,1704996402000,275067,273423,-,1.8,0.1,74096640,1440346112,74096640,1440346112,2424942874,9554,1822,29,0,12288,327,434,/input/data/work/81/9446aee5112149f676b9d1e7182775,true,-
129,cpu09,14/1d1349,nf-141d13497b9c6b5a718beddc617f7dbf,task_mDiffFit,-,task_mDiffFit (89),COMPLETED,0,-,anonymized/nf_wfbench:skip_mem_v11,1,-,-,2201170739,1,1704996127032,1704996128000,1704996401000,273968,271927,-,1.6,0.1,74194944,1440350208,74194944,1440350208,2424942847,9554,1822,29,0,12288,254,464,/input/data/work/14/1d13497b9c6b5a718beddc617f7dbf,true,-
43,cpu02,37/bf8452,nf-37bf845228938bf787e97629854d781e,task_mDiffFit,-,task_mDiffFit (3),COMPLETED,0,-,anonymized/nf_wfbench:skip_mem_v11,1,-,-,2201170739,1,1704996114868,1704996124000,1704996412000,297132,285452,-,1.4,0.1,74244096,1440346112,74244096,1440346112,2424942929,9556,1822,29,0,12288,292,410,/input/data/work/37/bf845228938bf787e97629854d781e,true,-
46,cpu02,a5/9e22ec,nf-a59e22ece85a3f429cc85a0bb1a3540f,task_mDiffFit,-,task_mDiffFit (6),COMPLETED,0,-,anonymized/nf_wfbench:skip_mem_v11,1,-,-,2201170739,1,1704996115010,1704996125000,1704996411000,295990,283313,-,1.6,0.1,74027008,1440346112,74027008,1440346112,2424942930,9556,1822,29,0,12288,299,482,/input/data/work/a5/9e22ece85a3f429cc85a0bb1a3540f,true,-
47,cpu02,44/6e31e8,nf-446e31e8cc55b97ac41543d714e1d425,task_mDiffFit,-,task_mDiffFit (7),COMPLETED,0,-,anonymized/nf_wfbench:skip_mem_v11,1,-,-,2201170739,1,1704996115087,1704996124000,1704996405000,289913,277602,-,1.5,0.1,74182656,1440346112,74182656,1440346112,2424942929,9556,1822,29,0,12288,286,505,/input/data/work/44/6e31e8cc55b97ac41543d714e1d425,true,-
58,cpu06,48/29af33,nf-4829af3372aa2a32002f3fb44f6ae7f1,task_mDiffFit,-,task_mDiffFit (18),COMPLETED,0,-,anonymized/nf_wfbench:skip_mem_v11,1,-,-,2201170739,1,1704996120413,1704996121000,1704996400000,279587,276233,-,1.5,0.1,74395648,1440346112,74395648,1440346112,2424942875,9554,1822,29,0,12288,357,403,/input/data/work/48/29af3372aa2a32002f3fb44f6ae7f1,true,-
80,cpu02,69/1c86e7,nf-691c86e7ef57e9d15eb959b2a34eb0f0,task_mDiffFit,-,task_mDiffFit (40),COMPLETED,0,-,anonymized/nf_wfbench:skip_mem_v11,1,-,-,2201170739,1,1704996125611,1704996126000,1704996414000,288389,285392,-,1.4,0.1,74371072,1440346112,74371072,1440346112,2424942929,9556,1822,29,0,12288,307,651,/input/data/work/69/1c86e7ef57e9d15eb959b2a34eb0f0,true,-
85,cpu02,d1/3c1483,nf-d13c148324c44627dafcf5c11f24f397,task_mDiffFit,-,task_mDiffFit (45),COMPLETED,0,-,anonymized/nf_wfbench:skip_mem_v11,1,-,-,2201170739,1,1704996125710,1704996126000,1704996412000,286290,284286,-,1.4,0.1,74395648,1440346112,74395648,1440346112,2424942927,9556,1822,29,0,12288,288,708,/input/data/work/d1/3c148324c44627dafcf5c11f24f397,true,-
96,cpu09,74/16c131,nf-7416c1313fc083ae1f8688b77c094b16,task_mDiffFit,-,task_mDiffFit (56),COMPLETED,0,-,anonymized/nf_wfbench:skip_mem_v11,1,-,-,2201170739,1,1704996126004,1704996129000,1704996411000,284996,281844,-,2.1,0.1,74338304,1440346112,74338304,1440346112,3632326458,9652,2112,30,0,12288,442,543,/input/data/work/74/16c1313fc083ae1f8688b77c094b16,true,-
110,cpu02,47/d065b1,nf-47d065b1417b0d960f95e5068a0e995e,task_mDiffFit,-,task_mDiffFit (70),COMPLETED,0,-,anonymized/nf_wfbench:skip_mem_v11,1,-,-,2201170739,1,1704996126273,1704996127000,1704996417000,290727,288892,-,1.7,0.1,74121216,1440346112,74121216,1440346112,2424942930,9556,1822,29,0,12288,345,527,/input/data/work/47/d065b1417b0d960f95e5068a0e995e,true,-
126,cpu02,c7/0ce478,nf-c70ce478ee3318ba7d880df618fb29e7,task_mDiffFit,-,task_mDiffFit (86),COMPLETED,0,-,anonymized/nf_wfbench:skip_mem_v11,1,-,-,2201170739,1,1704996126600,1704996128000,1704996420000,293400,291407,-,1.6,0.1,74231808,1440346112,74231808,1440346112,2424942930,9556,1822,29,0,12288,298,458,/input/data/work/c7/0ce478ee3318ba7d880df618fb29e7,true,-
42,cpu02,4a/f9a0d7,nf-4af9a0d7bb44a7de654af83d29188b51,task_mDiffFit,-,task_mDiffFit (2),COMPLETED,0,-,anonymized/nf_wfbench:skip_mem_v11,1,-,-,2201170739,1,1704996114719,1704996124000,1704996417000,302281,291243,-,1.6,0.1,74416128,1440346112,74416128,1440346112,2424942930,9556,1822,29,0,12288,351,576,/input/data/work/4a/f9a0d7bb44a7de654af83d29188b51,true,-
49,cpu02,19/35d7db,nf-1935d7db0ed46ec31789a10aa9c82897,task_mDiffFit,-,task_mDiffFit (9),COMPLETED,0,-,anonymized/nf_wfbench:skip_mem_v11,1,-,-,2201170739,1,1704996115242,1704996124000,1704996421000,305758,296518,-,1.6,0.1,74407936,1440477184,74407936,1440477184,2424942930,9556,1822,29,0,12288,427,388,/input/data/work/19/35d7db0ed46ec31789a10aa9c82897,true,-
117,cpu02,45/36ab91,nf-4536ab91a43b64938beab00b6fa78d71,task_mDiffFit,-,task_mDiffFit (77),COMPLETED,0,-,anonymized/nf_wfbench:skip_mem_v11,1,-,-,2201170739,1,1704996126451,1704996127000,1704996421000,294549,293447,-,1.6,0.1,74792960,1440477184,74792960,1440477184,2424942929,9556,1822,29,0,12288,348,481,/input/data/work/45/36ab91a43b64938beab00b6fa78d71,true,-
57,cpu02,9a/452c58,nf-9a452c5827b23f337b0db68d7843fb84,task_mDiffFit,-,task_mDiffFit (17),COMPLETED,0,-,anonymized/nf_wfbench:skip_mem_v11,1,-,-,2201170739,1,1704996120256,1704996125000,1704996429000,308744,303424,-,1.9,0.1,74502144,1440362496,74502144,1440362496,3632326539,9654,2112,30,0,12288,542,367,/input/data/work/9a/452c5827b23f337b0db68d7843fb84,true,-
133,cpu08,6e/249b2a,nf-6e249b2a4d9f94634e3189b82b11dda5,task_mConcatFit,-,task_mConcatFit (1),COMPLETED,0,-,anonymized/nf_wfbench:skip_mem_v11,1,-,-,1739461755,1,1704996417762,1704996427000,1704996430000,12238,1113,-,286.0,0.1,71524352,1440354304,71524352,1440354304,12197823,18675663,1288,224,0,18673664,80,90,/input/data/work/6e/249b2a4d9f94634e3189b82b11dda5,true,-
134,cpu10,02/1ff565,nf-021ff56544812f113e254808abf77992,task_mConcatFit,-,task_mConcatFit (2),COMPLETED,0,-,anonymized/nf_wfbench:skip_mem_v11,1,-,-,1739461755,1,1704996422057,1704996423000,1704996428000,5943,3019,-,107.6,0.0,1486848,4456448,1486848,4456448,12257320,18676336,1309,231,0,18673664,2,0,/input/data/work/02/1ff56544812f113e254808abf77992,true,-
135,cpu03,a0/8f343a,nf-a08f343a6302257eb5bea8cf14a9fe34,task_mConcatFit,-,task_mConcatFit (3),COMPLETED,0,-,anonymized/nf_wfbench:skip_mem_v11,1,-,-,1739461755,1,1704996423951,1704996429000,1704996431000,7049,1351,-,213.0,0.0,64745472,1430765568,64745472,1430765568,12240337,18676145,1303,229,0,18673664,6,33,/input/data/work/a0/8f343a6302257eb5bea8cf14a9fe34,true,-
136,cpu10,d6/769dec,nf-d6769decf3b6a8b62938af8da5332267,task_mConcatFit,-,task_mConcatFit (4),COMPLETED,0,-,anonymized/nf_wfbench:skip_mem_v11,1,-,-,1739461755,1,1704996432068,1704996433000,1704996434000,1932,653,-,457.4,0.0,1462272,4456448,1462272,4456448,12240337,18676144,1303,229,0,18673664,2,0,/input/data/work/d6/769decf3b6a8b62938af8da5332267,true,-
137,cpu02,3a/9eb823,nf-3a9eb8231ed9f84c82a0f95253b64390,task_mConcatFit,-,task_mConcatFit (5),COMPLETED,0,-,anonymized/nf_wfbench:skip_mem_v11,1,-,-,1739461755,1,1704996432088,1704996433000,1704996436000,3912,1294,-,227.0,0.0,70418432,1440485376,70418432,1440485376,12240344,18676145,1303,229,0,18673664,30,59,/input/data/work/3a/9eb8231ed9f84c82a0f95253b64390,true,-
138,cpu08,ca/975562,nf-ca97556252231b7519cbd291d63132df,task_mBgModel,-,task_mBgModel (1),COMPLETED,0,-,anonymized/nf_wfbench:skip_mem_v11,1,-,-,4305704714,1,1704996432443,1704996437000,1704996439000,6557,1147,-,330.1,0.0,72335360,1442304000,76308480,1446502400,28833673,1028059,1246,37,0,1028096,16,102,/input/data/work/ca/97556252231b7519cbd291d63132df,true,-
139,cpu06,0f/7eca9e,nf-0f7eca9e35308611488bc4c4fdf8d9ce,task_mBgModel,-,task_mBgModel (2),COMPLETED,0,-,anonymized/nf_wfbench:skip_mem_v11,1,-,-,4305704714,1,1704996432485,1704996438000,1704996441000,8515,1416,-,285.5,0.0,72503296,1442304000,76480512,1446502400,28833678,1028059,1246,37,0,1028096,20,75,/input/data/work/0f/7eca9e35308611488bc4c4fdf8d9ce,true,-
141,cpu03,36/f564d5,nf-36f564d5f3bb4c3be6dd20707c8739e0,task_mBgModel,-,task_mBgModel (4),COMPLETED,0,-,anonymized/nf_wfbench:skip_mem_v11,1,-,-,4305704714,1,1704996437077,1704996439000,1704996441000,3923,1369,-,263.3,0.0,72134656,1442304000,76111872,1446502400,28833728,1028061,1246,37,0,1028096,14,76,/input/data/work/36/f564d5f3bb4c3be6dd20707c8739e0,true,-
140,cpu10,47/e1764d,nf-47e1764d892be9afd34f22011972c22b,task_mBgModel,-,task_mBgModel (3),COMPLETED,0,-,anonymized/nf_wfbench:skip_mem_v11,1,-,-,4305704714,1,1704996437030,1704996443000,1704996446000,8970,1411,-,220.6,0.0,72142848,1442295808,76120064,1446494208,28833728,1028060,1246,37,0,1028096,17,93,/input/data/work/47/e1764d892be9afd34f22011972c22b,true,-
142,cpu08,c9/26a021,nf-c926a021050020af69f09197862b8274,task_mBgModel,-,task_mBgModel (5),COMPLETED,0,-,anonymized/nf_wfbench:skip_mem_v11,1,-,-,4305704714,1,1704996442036,1704996448000,1704996451000,8964,1431,-,261.5,0.0,71880704,1442304000,75853824,1446502400,28833673,1028059,1246,37,0,1028096,16,107,/input/data/work/c9/26a021050020af69f09197862b8274,true,-
155,cpu01,0d/39d456,nf-0d39d4566c29a9160db0179c567cb2b4,task_mBackground,-,task_mBackground (13),COMPLETED,0,-,anonymized/nf_wfbench:skip_mem_v11,1,-,-,3339337073,1,1704996443189,1704996444000,1704996545000,101811,13191,-,71.1,0.1,70873088,1440346112,74043392,1440346112,1218570679,1540063745,1532,15067,0,1540063232,48061,1323,/input/data/work/0d/39d4566c29a9160db0179c567cb2b4,true,-
148,cpu01,e6/be0269,nf-e6be026926f254b65be761b19b6b99c3,task_mBackground,-,task_mBackground (6),COMPLETED,0,-,anonymized/nf_wfbench:skip_mem_v11,1,-,-,3339337073,1,1704996442137,1704996442000,1704996547000,104863,22299,-,43.3,0.1,74498048,1440342016,74498048,1440342016,1218570679,1540063745,1532,15067,0,1540063232,34987,831,/input/data/work/e6/be026926f254b65be761b19b6b99c3,true,-
147,cpu03,6a/62f38d,nf-6a62f38d1cdbc5a1223336e520774f8c,task_mBackground,-,task_mBackground (5),COMPLETED,0,-,anonymized/nf_wfbench:skip_mem_v11,1,-,-,3339337073,1,1704996442204,1704996443000,1704996547000,104796,51401,-,18.6,0.1,74563584,1440477184,74563584,1440477184,1218571168,1540063754,1532,15067,0,1540063232,1029,944,/input/data/work/6a/62f38d1cdbc5a1223336e520774f8c,true,-
166,cpu01,6a/9c5ad3,nf-6a9c5ad33752b77bbc0f366ee672876a,task_mBackground,-,task_mBackground (24),COMPLETED,0,-,anonymized/nf_wfbench:skip_mem_v11,1,-,-,3339337073,1,1704996443393,1704996444000,1704996547000,103607,13223,-,69.8,0.1,73154560,1446535168,76345344,1446535168,1218570678,1540063745,1532,15067,0,1540063232,46366,642,/input/data/work/6a/9c5ad33752b77bbc0f366ee672876a,true,-
175,cpu01,35/2cc25d,nf-352cc25d5a0c8105a921fc6ddaa67ade,task_mBackground,-,task_mBackground (33),COMPLETED,0,-,anonymized/nf_wfbench:skip_mem_v11,1,-,-,3339337073,1,1704996453573,1704996454000,1704996547000,93427,12245,-,72.5,0.1,73138176,1446543360,76300288,1446543360,1219597845,1540063841,1535,15068,0,1540063232,15693,548,/input/data/work/35/2cc25d5a0c8105a921fc6ddaa67ade,true,-
164,cpu07,6d/ef13f7,nf-6def13f79be5a36ad9c7803d1e40abff,task_mBackground,-,task_mBackground (22),COMPLETED,0,-,anonymized/nf_wfbench:skip_mem_v11,1,-,-,3339337073,1,1704996443347,1704996451000,1704996568000,124653,55809,-,17.4,0.1,74084352,1440342016,74084352,1440342016,1218571175,1540063754,1532,15067,0,1540063232,1199,744,/input/data/work/6d/ef13f79be5a36ad9c7803d1e40abff,true,-
143,cpu06,ec/a54c86,nf-eca54c86ea17b1307b31303bcac5bf6e,task_mBackground,-,task_mBackground (1),COMPLETED,0,-,anonymized/nf_wfbench:skip_mem_v11,1,-,-,3339337073,1,1704996442226,1704996443000,1704996577000,134774,51534,-,19.4,0.1,74428416,1440473088,74428416,1440473088,1218571119,1540063752,1532,15067,0,1540063232,2201,942,/input/data/work/ec/a54c86ea17b1307b31303bcac5bf6e,true,-
152,cpu06,2b/6917f2,nf-2b6917f2dd91974498bd7e930135780f,task_mBackground,-,task_mBackground (10),COMPLETED,0,-,anonymized/nf_wfbench:skip_mem_v11,1,-,-,3339337073,1,1704996443069,1704996443000,1704996577000,133931,57952,-,17.1,0.1,74305536,1440342016,74305536,1440342016,1218571120,1540063752,1532,15067,0,1540063232,2405,781,/input/data/work/2b/6917f2dd91974498bd7e930135780f,true,-
159,cpu06,8d/9514bf,nf-8d9514bf9558ca4621516ad500e1dc46,task_mBackground,-,task_mBackground (17),COMPLETED,0,-,anonymized/nf_wfbench:skip_mem_v11,1,-,-,3339337073,1,1704996443307,1704996444000,1704996577000,133693,61018,-,15.7,0.1,74403840,1446535168,76414976,1446535168,1218571121,1540063752,1532,15067,0,1540063232,2036,776,/input/data/work/8d/9514bf9558ca4621516ad500e1dc46,true,-
145,cpu10,fd/f8df76,nf-fdf8df7652a183701967fc8c4dc71429,task_mBackground,-,task_mBackground (3),COMPLETED,0,-,anonymized/nf_wfbench:skip_mem_v11,1,-,-,3339337073,1,1704996442182,1704996443000,1704996611000,168818,59728,-,14.3,0.1,76603392,1446539264,76603392,1446539264,1218571169,1540063753,1532,15067,0,1540063232,782,549,/input/data/work/fd/f8df7652a183701967fc8c4dc71429,true,-
154,cpu07,63/bd5cdd,nf-63bd5cddfd657c3d4298316e1b21676f,task_mBackground,-,task_mBackground (12),COMPLETED,0,-,anonymized/nf_wfbench:skip_mem_v11,1,-,-,3339337073,1,1704996443050,1704996451000,1704996612000,168950,59436,-,16.0,0.1,74137600,1440342016,74137600,1440342016,1218571176,1540063754,1532,15067,0,1540063232,2555,844,/input/data/work/63/bd5cddfd657c3d4298316e1b21676f,true,-
153,cpu03,14/d4edfd,nf-14d4edfd18f401fd03c7d60eb39e43cf,task_mBackground,-,task_mBackground (11),COMPLETED,0,-,anonymized/nf_wfbench:skip_mem_v11,1,-,-,3339337073,1,1704996443128,1704996443000,1704996609000,165872,93295,-,9.6,0.1,74670080,1440477184,74670080,1440477184,1218571168,1540063753,1532,15067,0,1540063232,1669,634,/input/data/work/14/d4edfd18f401fd03c7d60eb39e43cf,true,-
150,cpu10,1b/00b3ca,nf-1b00b3ca65483a0ff5662f17a9071c44,task_mBackground,-,task_mBackground (8),COMPLETED,0,-,anonymized/nf_wfbench:skip_mem_v11,1,-,-,3339337073,1,1704996443246,1704996444000,1704996611000,167754,66904,-,14.1,0.1,74059776,1440346112,74059776,1440346112,1218571170,1540063753,1532,15067,0,1540063232,1763,913,/input/data/work/1b/00b3ca65483a0ff5662f17a9071c44,true,-
165,cpu03,bd/495a73,nf-bd495a73e90b397fc1bda5a9630f6ed4,task_mBackground,-,task_mBackground (23),COMPLETED,0,-,anonymized/nf_wfbench:skip_mem_v11,1,-,-,3339337073,1,1704996443328,1704996444000,1704996609000,165672,85443,-,9.7,0.1,73981952,1440342016,73981952,1440342016,1218571168,1540063753,1532,15067,0,1540063232,1093,499,/input/data/work/bd/495a73e90b397fc1bda5a9630f6ed4,true,-
161,cpu10,95/92f79c,nf-9592f79c389a54867d3e8eaf93307e87,task_mBackground,-,task_mBackground (19),COMPLETED,0,-,anonymized/nf_wfbench:skip_mem_v11,1,-,-,3339337073,1,1704996443438,1704996444000,1704996611000,167562,72292,-,12.6,0.1,74252288,1440342016,74252288,1440342016,1218571170,1540063753,1532,15067,0,1540063232,1276,680,/input/data/work/95/92f79c389a54867d3e8eaf93307e87,true,-
173,cpu07,14/27a1f1,nf-1427a1f1c229997e43fe23996302f53c,task_mBackground,-,task_mBackground (31),COMPLETED,0,-,anonymized/nf_wfbench:skip_mem_v11,1,-,-,3339337073,1,1704996452774,1704996453000,1704996612000,159226,60142,-,16.1,0.1,76034048,1446535168,76034048,1446535168,1218571174,1540063754,1532,15067,0,1540063232,1700,593,/input/data/work/14/27a1f1c229997e43fe23996302f53c,true,-
177,cpu07,50/10f2dc,nf-5010f2dc011a1b477bdb07ba133e7652,task_mBackground,-,task_mBackground (35),COMPLETED,0,-,anonymized/nf_wfbench:skip_mem_v11,1,-,-,3339337073,1,1704996453502,1704996454000,1704996612000,158498,60970,-,16.3,0.1,74203136,1440346112,74203136,1440346112,1218571175,1540063754,1532,15067,0,1540063232,2392,828,/input/data/work/50/10f2dc011a1b477bdb07ba133e7652,true,-
168,cpu03,91/34483e,nf-9134483e7e4d62311fd26b7ca64f6a0f,task_mBackground,-,task_mBackground (26),COMPLETED,0,-,anonymized/nf_wfbench:skip_mem_v11,1,-,-,3339337073,1,1704996452692,1704996453000,1704996704000,251308,167816,-,5.2,0.1,76660736,1446666240,76660736,1446666240,1218571169,1540063753,1532,15067,0,1540063232,2509,698,/input/data/work/91/34483e7e4d62311fd26b7ca64f6a0f,true,-
170,cpu01,d5/85ad60,nf-d585ad60f125f1de15db20d0ee783709,task_mBackground,-,task_mBackground (28),COMPLETED,0,-,anonymized/nf_wfbench:skip_mem_v11,1,-,-,3339337073,1,1704996452850,1704996454000,1704996702000,249150,168902,-,5.1,0.1,74301440,1440346112,74301440,1440346112,1218570677,1540063744,1532,15067,0,1540063232,1508,554,/input/data/work/d5/85ad60f125f1de15db20d0ee783709,true,-
171,cpu06,d0/fb84e4,nf-d0fb84e4c2afda9386e93a28f9ab3d9a,task_mBackground,-,task_mBackground (29),COMPLETED,0,-,anonymized/nf_wfbench:skip_mem_v11,1,-,-,3339337073,1,1704996452873,1704996453000,1704996707000,254127,140389,-,6.3,0.1,74493952,1440346112,74493952,1440346112,1218571119,1540063751,1532,15067,0,1540063232,881,493,/input/data/work/d0/fb84e4c2afda9386e93a28f9ab3d9a,true,-
167,cpu03,02/162830,nf-02162830fd0e113f4275329f5f2cc193,task_mBackground,-,task_mBackground (25),COMPLETED,0,-,anonymized/nf_wfbench:skip_mem_v11,1,-,-,3339337073,1,1704996452933,1704996454000,1704996704000,251067,166996,-,5.5,0.1,74256384,1440346112,74256384,1440346112,1218571168,1540063753,1532,15067,0,1540063232,1913,737,/input/data/work/02/162830fd0e113f4275329f5f2cc193,true,-
179,cpu06,28/0c5229,nf-280c52298753f63929719c4041aa897b,task_mBackground,-,task_mBackground (37),COMPLETED,0,-,anonymized/nf_wfbench:skip_mem_v11,1,-,-,3339337073,1,1704996453628,1704996454000,1704996707000,253372,134149,-,7.5,0.1,74092544,1440342016,74092544,1440342016,1218571119,1540063751,1532,15067,0,1540063232,1596,677,/input/data/work/28/0c52298753f63929719c4041aa897b,true,-
149,cpu08,c8/81f919,nf-c881f919391e326b985f06e1f2d86c3b,task_mBackground,-,task_mBackground (7),COMPLETED,0,-,anonymized/nf_wfbench:skip_mem_v11,1,-,-,3339337073,1,1704996442160,1704996448000,1704996708000,265840,57309,-,16.4,0.1,74190848,1440346112,74190848,1440346112,1218571115,1540063752,1532,15067,0,1540063232,1941,761,/input/data/work/c8/81f919391e326b985f06e1f2d86c3b,true,-
151,cpu08,77/840d55,nf-77840d5589b0398639f58cf4dce45e1b,task_mBackground,-,task_mBackground (9),COMPLETED,0,-,anonymized/nf_wfbench:skip_mem_v11,1,-,-,3339337073,1,1704996443265,1704996448000,1704996708000,264735,61790,-,15.5,0.1,74366976,1440473088,74366976,1440473088,1218571116,1540063752,1532,15067,0,1540063232,1859,722,/input/data/work/77/840d5589b0398639f58cf4dce45e1b,true,-
169,cpu08,7d/61aaa1,nf-7d61aaa118438fb9a1dff407fb396c0f,task_mBackground,-,task_mBackground (27),COMPLETED,0,-,anonymized/nf_wfbench:skip_mem_v11,1,-,-,3339337073,1,1704996452407,1704996453000,1704996708000,255593,104621,-,9.4,0.1,74170368,1440346112,74170368,1440346112,1218571113,1540063751,1532,15067,0,1540063232,1695,606,/input/data/work/7d/61aaa118438fb9a1dff407fb396c0f,true,-
172,cpu10,70/eb4ea9,nf-70eb4ea923cbad0e85adc8c3464b8c85,task_mBackground,-,task_mBackground (30),COMPLETED,0,-,anonymized/nf_wfbench:skip_mem_v11,1,-,-,3339337073,1,1704996452581,1704996453000,1704996709000,256419,164328,-,5.8,0.1,76070912,1446539264,76070912,1446539264,1218571168,1540063752,1532,15067,0,1540063232,1522,672,/input/data/work/70/eb4ea923cbad0e85adc8c3464b8c85,true,-
174,cpu10,b1/8652aa,nf-b18652aafdfefe0228160b2a4c06f1c0,task_mBackground,-,task_mBackground (32),COMPLETED,0,-,anonymized/nf_wfbench:skip_mem_v11,1,-,-,3339337073,1,1704996452906,1704996454000,1704996709000,256094,167089,-,5.9,0.1,73924608,1440342016,73924608,1440342016,1218571169,1540063752,1532,15067,0,1540063232,2737,793,/input/data/work/b1/8652aafdfefe0228160b2a4c06f1c0,true,-
176,cpu08,9f/e9a23b,nf-9fe9a23b809a1aa351c6fc2ff30d9b4f,task_mBackground,-,task_mBackground (34),COMPLETED,0,-,anonymized/nf_wfbench:skip_mem_v11,1,-,-,3339337073,1,1704996453412,1704996454000,1704996708000,254588,100710,-,10.0,0.1,74227712,1440342016,74227712,1440342016,1218571116,1540063752,1532,15067,0,1540063232,2466,590,/input/data/work/9f/e9a23b809a1aa351c6fc2ff30d9b4f,true,-
178,cpu08,4a/42e673,nf-4a42e67349a334c26039fbbda36898d7,task_mBackground,-,task_mBackground (36),COMPLETED,0,-,anonymized/nf_wfbench:skip_mem_v11,1,-,-,3339337073,1,1704996453432,1704996454000,1704996708000,254568,100264,-,9.9,0.1,74207232,1440477184,74207232,1440477184,1218571114,1540063751,1532,15067,0,1540063232,1996,631,/input/data/work/4a/42e67349a334c26039fbbda36898d7,true,-
182,cpu10,73/3f9a11,nf-733f9a11d0d3593c255b2058fee633aa,task_mBackground,-,task_mBackground (40),COMPLETED,0,-,anonymized/nf_wfbench:skip_mem_v11,1,-,-,3339337073,1,1704996453698,1704996455000,1704996709000,255302,163686,-,6.1,0.1,74207232,1440346112,74207232,1440346112,1218571168,1540063752,1532,15067,0,1540063232,1959,816,/input/data/work/73/3f9a11d0d3593c255b2058fee633aa,true,-
144,cpu09,f9/6ef50b,nf-f96ef50b569bf9d4c450a69c6be8d4e1,task_mBackground,-,task_mBackground (2),COMPLETED,0,-,anonymized/nf_wfbench:skip_mem_v11,1,-,-,3339337073,1,1704996442117,1704996450000,1704996714000,271883,132873,-,7.2,0.1,73879552,1440346112,73879552,1440346112,1218571092,1540063751,1532,15067,0,1540063232,1649,724,/input/data/work/f9/6ef50b569bf9d4c450a69c6be8d4e1,true,-
157,cpu09,45/5f3c98,nf-455f3c988554aa12c60b028050e1e441,task_mBackground,-,task_mBackground (15),COMPLETED,0,-,anonymized/nf_wfbench:skip_mem_v11,1,-,-,3339337073,1,1704996443226,1704996451000,1704996714000,270774,168574,-,5.8,0.1,74203136,1440342016,74203136,1440342016,1218571093,1540063751,1532,15067,0,1540063232,2190,751,/input/data/work/45/5f3c988554aa12c60b028050e1e441,true,-
156,cpu09,d8/29c27d,nf-d829c27df48c9c55ed7f366cd44d209e,task_mBackground,-,task_mBackground (14),COMPLETED,0,-,anonymized/nf_wfbench:skip_mem_v11,1,-,-,3339337073,1,1704996443286,1704996451000,1704996714000,270714,171207,-,5.7,0.1,74338304,1440346112,74338304,1440346112,1218571091,1540063751,1532,15067,0,1540063232,1945,767,/input/data/work/d8/29c27df48c9c55ed7f366cd44d209e,true,-
162,cpu09,aa/78890a,nf-aa78890a4515bed7ca3778ebe2964bd0,task_mBackground,-,task_mBackground (20),COMPLETED,0,-,anonymized/nf_wfbench:skip_mem_v11,1,-,-,3339337073,1,1704996443416,1704996450000,1704996714000,270584,137843,-,6.9,0.1,74309632,1440477184,74309632,1440477184,1218571092,1540063751,1532,15067,0,1540063232,1559,848,/input/data/work/aa/78890a4515bed7ca3778ebe2964bd0,true,-
181,cpu09,fc/1b8822,nf-fc1b8822d4ae548c927f5c8a13201f29,task_mBackground,-,task_mBackground (39),COMPLETED,0,-,anonymized/nf_wfbench:skip_mem_v11,1,-,-,3339337073,1,1704996453460,1704996454000,1704996714000,260540,168027,-,5.7,0.1,74035200,1440342016,74035200,1440342016,1218571093,1540063751,1532,15067,0,1540063232,2685,745,/input/data/work/fc/1b8822d4ae548c927f5c8a13201f29,true,-
146,cpu02,a5/d54c59,nf-a5d54c597ef38cd4c9e4ea21852638b9,task_mBackground,-,task_mBackground (4),COMPLETED,0,-,anonymized/nf_wfbench:skip_mem_v11,1,-,-,3339337073,1,1704996442094,1704996452000,1704996719000,276906,128361,-,6.2,0.1,74383360,1440342016,74383360,1440342016,1218571171,1540063753,1532,15067,0,1540063232,1234,823,/input/data/work/a5/d54c597ef38cd4c9e4ea21852638b9,true,-
158,cpu02,d4/a57362,nf-d4a573625dfd269aa22451f6706b793b,task_mBackground,-,task_mBackground (16),COMPLETED,0,-,anonymized/nf_wfbench:skip_mem_v11,1,-,-,3339337073,1,1704996443206,1704996453000,1704996719000,275794,170944,-,5.0,0.1,74571776,1440342016,74571776,1440342016,1218571172,1540063753,1532,15067,0,1540063232,2065,725,/input/data/work/d4/a573625dfd269aa22451f6706b793b,true,-
163,cpu02,68/ef0ebf,nf-68ef0ebf9d37ec1a6dd3653581101233,task_mBackground,-,task_mBackground (21),COMPLETED,0,-,anonymized/nf_wfbench:skip_mem_v11,1,-,-,3339337073,1,1704996443371,1704996453000,1704996719000,275629,173522,-,4.8,0.1,74342400,1440342016,74342400,1440342016,1218571171,1540063753,1532,15067,0,1540063232,2403,741,/input/data/work/68/ef0ebf9d37ec1a6dd3653581101233,true,-
160,cpu02,87/9e1079,nf-879e10790b6cfb22b93b3009979af389,task_mBackground,-,task_mBackground (18),COMPLETED,0,-,anonymized/nf_wfbench:skip_mem_v11,1,-,-,3339337073,1,1704996443462,1704996453000,1704996719000,275538,172495,-,5.5,0.1,73895936,1440342016,73895936,1440342016,1218571172,1540063753,1532,15067,0,1540063232,2903,699,/input/data/work/87/9e10790b6cfb22b93b3009979af389,true,-
180,cpu02,10/b8fe57,nf-10b8fe5711a745e52f5b3e23b593f424,task_mBackground,-,task_mBackground (38),COMPLETED,0,-,anonymized/nf_wfbench:skip_mem_v11,1,-,-,3339337073,1,1704996453481,1704996454000,1704996719000,265519,171940,-,5.6,0.1,74076160,1440337920,74076160,1440337920,1218571172,1540063753,1532,15067,0,1540063232,1989,801,/input/data/work/10/b8fe5711a745e52f5b3e23b593f424,true,-
184,cpu08,09/e047d8,nf-09e047d8788a71f8c0e44e2f2c1fa825,task_mImgtbl,-,task_mImgtbl (2),COMPLETED,0,-,anonymized/nf_wfbench:skip_mem_v11,1,-,-,1621350154,1,1704996723045,1704996724000,1704996802000,78955,77238,-,14.4,0.1,74018816,1440350208,74018816,1440350208,10798035529,8163131,3817,108,20480,8163328,1431,6293,/input/data/work/09/e047d8788a71f8c0e44e2f2c1fa825,true,-
183,cpu10,3b/adc3e5,nf-3badc3e5a3d2eee4d5c78e3c5c50c0c5,task_mImgtbl,-,task_mImgtbl (1),COMPLETED,0,-,anonymized/nf_wfbench:skip_mem_v11,1,-,-,1621350154,1,1704996713331,1704996720000,1704996815000,101669,94136,-,13.4,0.1,74022912,1440358400,74022912,1440358400,12338098344,8163236,4187,109,24576,8163328,1667,6772,/input/data/work/3b/adc3e5a3d2eee4d5c78e3c5c50c0c5,true,-
186,cpu03,aa/90f53d,nf-aa90f53db183ab8de1b01850782a571f,task_mImgtbl,-,task_mImgtbl (4),COMPLETED,0,-,anonymized/nf_wfbench:skip_mem_v11,1,-,-,1621350154,1,1704996723166,1704996724000,1704996813000,89834,87386,-,13.9,0.1,74162176,1440354304,74162176,1440354304,12338098344,8163237,4187,109,24576,8163328,1692,7455,/input/data/work/aa/90f53db183ab8de1b01850782a571f,true,-
187,cpu09,37/9b441d,nf-379b441d58adb02653428bf7557dcaf7,task_mImgtbl,-,task_mImgtbl (5),COMPLETED,0,-,anonymized/nf_wfbench:skip_mem_v11,1,-,-,1621350154,1,1704996723207,1704996727000,1704996819000,95793,91041,-,14.0,0.1,74129408,1440370688,74129408,1440370688,12338098268,8163235,4187,109,24576,8163328,1599,6459,/input/data/work/37/9b441d58adb02653428bf7557dcaf7,true,-
185,cpu02,e2/fffa91,nf-e2fffa91a45841cb0dcc1638150ca4c2,task_mImgtbl,-,task_mImgtbl (3),COMPLETED,0,-,anonymized/nf_wfbench:skip_mem_v11,1,-,-,1621350154,1,1704996723091,1704996728000,1704996850000,126909,118987,-,12.8,0.1,74600448,1440354304,74600448,1440354304,15418223868,8163445,4927,111,32768,8163328,2123,9059,/input/data/work/e2/fffa91a45841cb0dcc1638150ca4c2,true,-
188,cpu08,21/a9bc3a,nf-21a9bc3af1dc372794e4261c60f6a543,task_mAdd,-,task_mAdd (1),COMPLETED,0,-,anonymized/nf_wfbench:skip_mem_v11,1,-,-,1621350154,1,1704996804746,1704996805000,1704997169000,364254,144217,-,36.9,0.1,74141696,1440350208,74141696,1440350208,10798769877,11612242102,3820,113430,16384,11612241920,12134,13435,/input/data/work/21/a9bc3af1dc372794e4261c60f6a543,true,-
189,cpu10,7f/0a59fa,nf-7f0a59fab094f35341e1d4a1b5d2f892,task_mAdd,-,task_mAdd (2),COMPLETED,0,-,anonymized/nf_wfbench:skip_mem_v11,1,-,-,1621350154,1,1704996818082,1704996822000,1704997176000,357918,157103,-,34.4,0.1,74059776,1440358400,74059776,1440358400,12338832693,11612242207,4190,113431,28672,11612241920,10810,15745,/input/data/work/7f/0a59fab094f35341e1d4a1b5d2f892,true,-
190,cpu03,d3/3574dd,nf-d33574dd2055f0d37e58d5ffe35e1972,task_mAdd,-,task_mAdd (3),COMPLETED,0,-,anonymized/nf_wfbench:skip_mem_v11,1,-,-,1621350154,1,1704996818160,1704996827000,1704997175000,356840,149452,-,37.0,0.1,74350592,1440346112,74350592,1440346112,12338832692,11612242208,4190,113431,28672,11612241920,10421,15401,/input/data/work/d3/3574dd2055f0d37e58d5ffe35e1972,true,-
191,cpu06,40/afd386,nf-40afd3865ae667e50dd79671ea38c541,task_mAdd,-,task_mAdd (4),COMPLETED,0,-,anonymized/nf_wfbench:skip_mem_v11,1,-,-,1621350154,1,1704996823063,1704996828000,1704997174000,350937,161265,-,33.8,0.1,74194944,1440354304,74194944,1440354304,12338832643,11612242206,4190,113431,28672,11612241920,10844,14701,/input/data/work/40/afd3865ae667e50dd79671ea38c541,true,-
192,cpu02,d2/9af3cd,nf-d29af3cdc46bac8f22b69f0dccdd1cd9,task_mAdd,-,task_mAdd (5),COMPLETED,0,-,anonymized/nf_wfbench:skip_mem_v11,1,-,-,1621350154,1,1704996853110,1704996854000,1704997196000,342890,193546,-,29.6,0.1,74293248,1440346112,74293248,1440346112,15418958215,11612242416,4930,113433,45056,11612241920,12124,17249,/input/data/work/d2/9af3cdc46bac8f22b69f0dccdd1cd9,true,-
193,cpu08,47/c7f00d,nf-47c7f00db687deefde9e9f3844f623a8,task_mViewer,-,task_mViewer (1),COMPLETED,0,-,anonymized/nf_wfbench:skip_mem_v11,1,-,-,2576980378,1,1704997173076,1704997174000,1704997317000,143924,96626,-,21.6,0.1,73793536,1440305152,73793536,1440305152,11622401095,2191080121,4010,21426,0,2191081472,3411,7304,/input/data/work/47/c7f00db687deefde9e9f3844f623a8,true,-
194,cpu06,4a/0beac3,nf-4a0beac31dc398b15ad0ea660715d8a0,task_mViewer,-,task_mViewer (2),COMPLETED,0,-,anonymized/nf_wfbench:skip_mem_v11,1,-,-,2576980378,1,1704997178094,1704997185000,1704997323000,144906,104825,-,19.8,0.1,73920512,1440301056,73920512,1440301056,11622401100,2191080121,4010,21426,0,2191081472,2668,7371,/input/data/work/4a/0beac31dc398b15ad0ea660715d8a0,true,-
195,cpu03,e4/3e18ef,nf-e43e18efbef9b4e2124208033d93031e,task_mViewer,-,task_mViewer (3),COMPLETED,0,-,anonymized/nf_wfbench:skip_mem_v11,1,-,-,2576980378,1,1704997178183,1704997184000,1704997325000,146817,102588,-,20.6,0.1,74076160,1440305152,74076160,1440305152,11622401149,2191080123,4010,21426,0,2191081472,2854,7289,/input/data/work/e4/3e18efbef9b4e2124208033d93031e,true,-
196,cpu09,99/4123cf,nf-994123cf366a58b566a9b05b43a32f5e,task_mViewer,-,task_mViewer (4),COMPLETED,0,-,anonymized/nf_wfbench:skip_mem_v11,1,-,-,2576980378,1,1704997178227,1704997187000,1704997331000,152773,107860,-,19.4,0.1,74309632,1442295808,76308480,1446494208,11622401073,2191080121,4010,21426,0,2191081472,3447,7236,/input/data/work/99/4123cf366a58b566a9b05b43a32f5e,true,-
197,cpu10,83/0a25e0,nf-830a25e065feccdccb3a06b5b6708c3d,task_mViewer,-,task_mViewer (5),COMPLETED,0,-,anonymized/nf_wfbench:skip_mem_v11,1,-,-,2576980378,1,1704997198132,1704997201000,1704997356000,157868,127324,-,16.1,0.1,74100736,1440309248,74100736,1440309248,11622401148,2191080122,4010,21426,0,2191081472,3107,6944,/input/data/work/83/0a25e065feccdccb3a06b5b6708c3d,true,-
198,cpu01,29/8b3bb7,nf-298b3bb713b146717d06d313e8ee0746,task_mViewer,-,task_mViewer (6),COMPLETED,0,-,anonymized/nf_wfbench:skip_mem_v11,1,-,-,2576980378,1,1704997198155,1704997198000,1704997736000,537845,517598,-,9.5,0.1,74567680,1440346112,74567680,1440346112,58071363353,2191080473,15094,21430,16384,2191081472,39102,32440,/input/data/work/29/8b3bb713b146717d06d313e8ee0746,true,-
